time,temperature,humidity
0.14891529083251953,37.02,59.72
3.9387423992156982,36.92,59.74
4.198593378067017,36.96,59.87
5.1390540599823,36.98,59.97
6.211440086364746,36.98,60.08
7.23585319519043,36.99,60.15
8.294245719909668,36.99,60.11
9.36763072013855,36.99,60.01
10.390045642852783,37.0,59.86
11.449438095092773,36.99,59.69
12.5214684009552,36.99,59.57
13.567869186401367,36.99,59.55
14.63587737083435,37.0,59.6
15.6806001663208,37.0,59.64
16.751546144485474,36.99,59.68
17.787740230560303,36.98,59.82
18.84587001800537,36.99,60.0
19.911595821380615,36.99,60.13
20.956780910491943,36.99,60.19
21.995184421539307,37.0,60.15
23.068225622177124,36.99,60.05
24.107170820236206,36.99,59.9
25.18401527404785,36.99,59.76
26.229448318481445,36.99,59.69
27.271616458892822,36.99,59.64
28.329010725021362,36.98,59.62
29.394400596618652,36.98,59.56
30.442798852920532,36.97,59.58
31.49119806289673,36.98,59.68
32.55958557128906,36.98,59.8
33.603986978530884,36.97,59.85
34.66338062286377,36.98,59.85
35.731767416000366,36.98,59.79
36.76917243003845,36.98,59.69
37.82456851005554,36.98,59.58
38.89395451545715,36.98,59.56
39.94235372543335,36.99,59.56
40.99974751472473,36.99,59.55
42.06413745880127,36.98,59.52
43.08555197715759,36.97,59.59
44.14194631576538,36.98,59.74
45.229323387145996,36.98,59.92
46.24973821640015,36.97,59.98
47.30413484573364,36.96,60.01
48.373520851135254,36.96,60.01
49.422919511795044,36.96,59.98
50.47631549835205,36.96,59.91
51.54370379447937,36.96,59.81
52.58010959625244,36.96,59.78
53.633506536483765,36.96,59.72
54.70689129829407,36.96,59.64
55.74529576301575,36.95,59.52
56.79569339752197,36.96,59.54
57.866912841796875,36.96,59.66
58.91934514045715,36.95,59.76
59.967644691467285,36.95,59.84
61.03192663192749,36.95,59.84
62.0786714553833,36.95,59.79
63.13139009475708,36.96,59.68
64.19910264015198,36.96,59.59
65.25846552848816,36.96,59.53
66.29390573501587,36.95,59.57
67.36317348480225,36.94,59.55
68.4116621017456,36.94,59.53
69.46607255935669,36.94,59.57
70.52749443054199,36.94,59.71
71.56826496124268,36.96,59.85
72.62567019462585,36.95,59.93
73.69505715370178,36.95,59.95
74.73346209526062,36.95,59.92
75.78685808181763,36.94,59.83
76.85524559020996,36.94,59.75
77.90164589881897,36.95,59.69
78.95704102516174,36.96,59.69
80.0214307308197,36.96,59.65
81.06583213806152,36.96,59.58
82.11822986602783,36.96,59.61
83.16562843322754,36.97,59.77
84.23401594161987,36.96,59.93
85.26342606544495,36.97,60.0
86.33381247520447,36.97,60.01
87.37821435928345,36.97,59.95
88.43460988998413,36.96,59.85
89.4989984035492,36.96,59.76
90.54140067100525,36.96,59.73
91.59279799461365,36.96,59.78
92.65818738937378,36.97,59.79
93.701589345932,36.96,59.76
94.75698447227478,36.96,59.75
95.82437252998352,36.96,59.75
96.87177228927612,36.96,59.84
97.92017126083374,36.97,59.95
98.99355602264404,36.97,60.0
100.03895664215088,36.97,59.97
101.0873556137085,36.97,59.88
102.15701794624329,36.98,59.74
103.19779777526855,36.98,59.6
104.27857184410095,36.98,59.47
105.32532739639282,36.99,59.44
106.3613531589508,36.99,59.46
107.42249131202698,36.99,59.43
108.48751091957092,36.98,59.45
109.52851510047913,36.99,59.62
110.58106780052185,36.99,59.81
111.64994525909424,37.0,59.96
112.69526433944702,37.0,60.06
113.74746298789978,36.99,60.1
114.81635761260986,37.0,60.06
115.8627450466156,37.0,59.95
116.92128276824951,37.0,59.86
117.9837098121643,37.0,59.74
119.03110933303833,37.0,59.68
120.08450603485107,37.0,59.66
121.15189361572266,37.01,59.64
122.1932966709137,37.02,59.57
123.24669289588928,37.02,59.58
124.33307003974915,37.03,59.7
125.35448455810547,37.03,59.89
126.41087985038757,37.04,60.04
127.47926688194275,37.04,60.03
128.5226686000824,37.04,59.98
129.57606554031372,37.05,59.83
130.6464512348175,37.05,59.68
131.6848566532135,37.05,59.63
132.74624824523926,37.04,59.64
133.81063771247864,37.04,59.68
134.8550398349762,37.04,59.64
135.91043376922607,37.05,59.67
136.978821516037,37.04,59.79
138.01622676849365,37.04,59.89
139.07362151145935,37.05,60.03
140.14400720596313,37.05,60.07
141.1826937198639,37.05,59.99
142.24112176895142,37.06,59.85
143.30951046943665,37.06,59.67
144.37190079689026,37.06,59.52
145.40530824661255,37.06,59.5
146.47569465637207,37.07,59.54
147.51451063156128,37.07,59.56
148.57290410995483,37.07,59.61
149.63883352279663,37.08,59.78
150.67675948143005,37.07,59.97
151.73271203041077,37.07,60.05
152.80558228492737,37.08,60.07
153.85209894180298,37.07,60.0
154.90619468688965,37.07,59.93
155.97643852233887,37.07,59.78
157.0179831981659,37.05,59.72
158.0710415840149,37.07,59.72
159.13596177101135,37.07,59.78
160.1802396774292,37.06,59.78
161.23813319206238,37.06,59.76
162.32716155052185,37.06,59.73
163.346577167511,37.06,59.67
164.3969750404358,37.05,59.66
165.45836687088013,37.05,59.72
166.4957721233368,37.06,59.82
167.5491693019867,37.06,59.88
168.6275508403778,37.06,59.89
169.66695499420166,37.06,59.87
170.7233498096466,37.06,59.79
171.79173636436462,37.06,59.63
172.8341405391693,37.06,59.44
173.88653564453125,37.05,59.35
174.95592260360718,37.05,59.35
175.9953269958496,37.06,59.4
177.0517222881317,37.04,59.42
178.12010979652405,37.05,59.51
179.1605134010315,37.05,59.65
180.21890592575073,37.05,59.78
181.28829288482666,37.04,59.92
182.3526828289032,37.04,59.96
183.3820927143097,37.04,59.94
184.45148062705994,37.03,59.89
185.48988461494446,37.03,59.81
186.54527950286865,37.03,59.7
187.61466646194458,37.03,59.63
188.65307140350342,37.03,59.64
189.70946598052979,37.04,59.6
190.77385568618774,37.04,59.53
191.8262529373169,37.05,59.58
192.876708984375,37.05,59.73
193.94500541687012,37.05,59.86
194.98542046546936,37.05,59.99
196.04535603523254,37.06,59.99
197.1132686138153,37.06,59.9
198.16069841384888,37.06,59.74
199.21458554267883,37.06,59.59
200.28956818580627,37.06,59.41
201.34958291053772,37.06,59.39
202.37552690505981,37.06,59.47
203.44487404823303,37.06,59.48
204.48181748390198,37.05,59.55
205.53884601593018,37.04,59.65
206.58890461921692,37.04,59.69
207.6320722103119,37.03,59.73
208.68559741973877,37.03,59.73
209.7534396648407,37.03,59.65
210.79917454719543,37.03,59.52
211.8477544784546,37.04,59.38
212.9196116924286,37.04,59.29
213.96101474761963,37.03,59.29
215.01740980148315,37.03,59.28
216.08279943466187,37.04,59.22
217.12819910049438,37.04,59.26
218.18559312820435,37.04,59.42
219.2479841709137,37.03,59.58
220.31537222862244,37.04,59.78
221.34378290176392,37.03,59.93
222.41416931152344,37.03,59.97
223.45957016944885,37.02,59.91
224.51496505737305,37.03,59.81
225.58035445213318,37.03,59.63
226.62575507164001,37.03,59.46
227.67415499687195,37.03,59.32
228.74454069137573,37.03,59.36
229.7839457988739,37.02,59.38
230.8413393497467,37.02,59.39
231.9087278842926,37.03,59.5
232.95013165473938,37.03,59.68
234.0025269985199,37.03,59.83
235.07341313362122,37.02,59.95
236.11634254455566,37.02,59.99
237.16977286338806,37.02,59.93
238.23882627487183,37.02,59.87
239.28087306022644,37.01,59.77
240.36655497550964,37.0,59.68
241.405526638031,36.99,59.61
242.44839572906494,37.0,59.6
243.5046525001526,36.99,59.55
244.56968903541565,36.99,59.46
245.6082227230072,37.0,59.49
246.66440534591675,37.0,59.6
247.73239064216614,37.01,59.75
248.77323365211487,37.0,59.84
249.83135557174683,37.0,59.84
250.89398312568665,37.0,59.77
251.94089818000793,37.0,59.63
252.9905400276184,37.0,59.55
254.0661747455597,37.01,59.48
255.1047704219818,37.0,59.49
256.1573088169098,37.0,59.51
257.22284173965454,37.01,59.45
258.2627625465393,37.01,59.47
259.3184950351715,37.01,59.6
260.40655875205994,37.01,59.73
261.4231288433075,37.0,59.84
262.4798128604889,37.0,59.93
263.5487792491913,37.01,59.93
264.59134316444397,37.01,59.87
265.6515052318573,37.01,59.75
266.71353006362915,37.0,59.63
267.7577528953552,37.01,59.55
268.81221866607666,37.0,59.56
269.87783336639404,37.0,59.55
270.9203419685364,37.0,59.51
271.9768588542938,37.01,59.54
273.04175758361816,37.0,59.67
274.0793180465698,37.01,59.86
275.139883518219,37.01,60.04
276.208575963974,37.01,60.04
277.2520763874054,37.0,59.97
278.3045892715454,37.0,59.89
279.3780801296234,37.0,59.78
280.43766140937805,37.0,59.72
281.46637630462646,37.01,59.72
282.5333368778229,37.01,59.7
283.57681345939636,37.0,59.62
284.62893509864807,37.01,59.65
285.69901728630066,37.01,59.81
286.73796224594116,37.01,59.96
287.8003776073456,37.01,60.1
288.86725091934204,37.01,60.13
289.90581250190735,37.0,60.1
290.96706080436707,37.01,60.05
292.0382971763611,37.01,59.93
293.07544565200806,37.02,59.75
294.13054609298706,37.02,59.67
295.1999478340149,37.02,59.66
296.2404143810272,37.02,59.63
297.29410099983215,37.01,59.56
298.3584909439087,37.02,59.55
299.39989399909973,37.02,59.67
300.4802746772766,37.02,59.79
301.52367663383484,37.02,59.93
302.56507992744446,37.0,60.05
303.6174774169922,37.01,60.09
304.69286131858826,37.02,60.08
305.7322642803192,37.01,60.02
306.7866599559784,37.01,59.91
307.8560471534729,37.01,59.82
308.89645051956177,37.02,59.77
309.94684863090515,37.02,59.76
311.0152361392975,37.03,59.71
312.05863785743713,37.02,59.64
313.10903668403625,37.01,59.66
314.1784236431122,37.01,59.78
315.2198259830475,37.01,59.9
316.2722234725952,37.01,60.02
317.342609167099,37.01,60.04
318.38201332092285,37.01,59.99
319.4384083747864,37.02,59.9
320.53278064727783,37.01,59.81
321.5452003479004,37.01,59.69
322.6025941371918,37.01,59.61
323.6709816455841,37.01,59.58
324.70938658714294,37.01,59.52
325.76478242874146,37.01,59.39
326.83017086982727,37.01,59.38
327.87688851356506,37.01,59.48
328.92991948127747,37.01,59.63
329.99862694740295,37.01,59.79
331.0369939804077,37.0,59.89
332.09326362609863,37.01,59.95
333.16571974754333,37.0,59.94
334.2033746242523,37.01,59.86
335.26792216300964,37.03,59.71
336.32822823524475,37.01,59.59
337.3748188018799,37.02,59.53
338.42842841148376,37.02,59.55
339.4948728084564,37.02,59.53
340.5596022605896,37.01,59.48
341.590594291687,37.01,59.5
342.6582205295563,37.01,59.62
343.7036213874817,37.01,59.79
344.7550187110901,37.01,59.95
345.8214075565338,37.01,59.97
346.8618109226227,37.02,59.91
347.92320251464844,37.02,59.82
348.9865930080414,37.02,59.7
350.028995513916,37.02,59.58
351.0823917388916,37.03,59.6
352.15577697753906,37.03,59.6
353.192182302475,37.03,59.54
354.24957633018494,37.03,59.57
355.3159656524658,37.03,59.68
356.3553693294525,37.03,59.83
357.4127633571625,37.03,59.92
358.4821500778198,37.04,59.93
359.52455282211304,37.04,59.89
360.60093569755554,37.04,59.74
361.64933490753174,37.05,59.58
362.68474197387695,37.05,59.39
363.7421352863312,37.04,59.25
364.80952405929565,37.04,59.26
365.85292625427246,37.04,59.28
366.91131949424744,37.05,59.27
367.97670793533325,37.06,59.34
369.0201098918915,37.05,59.5
370.07450556755066,37.06,59.66
371.1438925266266,37.05,59.78
372.18554496765137,37.05,59.8
373.2416663169861,37.06,59.72
374.3065872192383,37.06,59.52
375.35051226615906,37.06,59.33
376.4066367149353,37.07,59.17
377.47529125213623,37.06,59.15
378.5172894001007,37.06,59.2
379.5714945793152,37.07,59.22
380.66087889671326,37.07,59.3
381.67816853523254,37.07,59.44
382.739755153656,37.08,59.66
383.80242443084717,37.07,59.77
384.85119366645813,37.07,59.77
385.90307545661926,37.07,59.7
386.9728350639343,37.06,59.57
388.0154435634613,37.07,59.45
389.07183814048767,37.06,59.31
390.1392261981964,37.07,59.26
391.1856265068054,37.08,59.3
392.23302578926086,37.08,59.31
393.30341243743896,37.08,59.34
394.34081840515137,37.08,59.51
395.39721298217773,37.08,59.64
396.4665992259979,37.09,59.85
397.53698563575745,37.08,59.95
398.5703938007355,37.07,59.97
399.63478350639343,37.07,59.93
400.6761863231659,37.06,59.8
401.72958302497864,37.07,59.63
402.79697155952454,37.05,59.51
403.83837389945984,37.05,59.49
404.8957691192627,37.04,59.51
405.9611568450928,37.04,59.52
407.0065577030182,37.04,59.56
408.06195282936096,37.03,59.7
409.1263427734375,37.04,59.86
410.1707441806793,37.03,59.97
411.2051520347595,37.03,59.96
412.27253913879395,37.02,59.92
413.31893944740295,37.03,59.81
414.3743350505829,37.02,59.65
415.4357261657715,37.03,59.61
416.5001165866852,37.03,59.59
417.53204822540283,37.03,59.55
418.6037836074829,37.02,59.48
419.64044523239136,37.01,59.49
420.69387912750244,37.02,59.59
421.7654068470001,37.01,59.68
422.80420565605164,37.01,59.8
423.86015224456787,37.02,59.88
424.92511558532715,37.01,59.87
425.96840238571167,37.01,59.82
427.0266878604889,37.0,59.73
428.09000968933105,37.01,59.62
429.13279390335083,37.0,59.55
430.1899333000183,37.0,59.55
431.2577600479126,37.0,59.51
432.29617166519165,36.99,59.45
433.35156655311584,36.99,59.49
434.4139585494995,36.99,59.58
435.45736026763916,36.99,59.67
436.5377402305603,36.98,59.73
437.5791435241699,36.98,59.74
438.6195468902588,36.99,59.68
439.67794036865234,36.99,59.6
440.74432921409607,36.98,59.5
441.7887303829193,36.98,59.42
442.8421266078949,36.99,59.41
443.9085154533386,36.99,59.36
444.9489188194275,36.99,59.26
446.0073127746582,36.99,59.29
447.07669973373413,36.99,59.45
448.11210584640503,36.99,59.63
449.16650199890137,36.99,59.75
450.2378873825073,36.99,59.83
451.27829098701477,36.98,59.85
452.33368611335754,36.97,59.82
453.4010741710663,36.98,59.72
454.44547629356384,36.98,59.6
455.4968726634979,36.98,59.53
456.58624815940857,36.98,59.49
457.6076629161835,36.98,59.42
458.6610598564148,36.98,59.3
459.7284471988678,36.97,59.25
460.770849943161,36.98,59.33
461.8312420845032,36.98,59.47
462.895870923996,36.98,59.56
463.9385759830475,36.97,59.65
464.9905698299408,36.98,59.68
466.05866956710815,36.97,59.63
467.101619720459,36.97,59.58
468.15305066108704,36.97,59.47
469.22353887557983,36.97,59.46
470.2594256401062,36.97,59.47
471.3148765563965,36.97,59.4
472.38917803764343,36.97,59.33
473.4283525943756,36.97,59.3
474.48528695106506,36.97,59.41
475.5503809452057,36.98,59.61
476.60868072509766,36.98,59.77
477.65011763572693,36.98,59.88
478.71650743484497,36.98,59.87
479.76490545272827,36.97,59.82
480.81830167770386,36.97,59.73
481.88668942451477,36.98,59.61
482.9270930290222,36.98,59.51
483.9784903526306,36.97,59.46
485.0468780994415,36.97,59.42
486.0892803668976,36.98,59.37
487.14667415618896,36.98,59.38
488.2130637168884,36.98,59.49
489.25246715545654,36.97,59.61
490.3138587474823,36.98,59.72
491.37624979019165,36.98,59.8
492.41965198516846,36.98,59.83
493.47004985809326,36.99,59.78
494.54343461990356,36.98,59.65
495.58083963394165,36.98,59.53
496.65722370147705,36.98,59.44
497.70262360572815,36.99,59.42
498.7440266609192,37.0,59.34
499.7974228858948,37.01,59.23
500.86681032180786,37.0,59.18
501.90721344947815,37.0,59.29
502.9646084308624,37.01,59.45
504.03399443626404,37.01,59.62
505.07439851760864,37.01,59.71
506.12979316711426,37.0,59.7
507.203177690506,37.01,59.6
508.23814725875854,37.0,59.43
509.30084347724915,37.0,59.27
510.3635256290436,37.0,59.15
511.4105386734009,37.0,59.08
512.4619448184967,37.0,59.08
513.5284461975098,37.0,59.1
514.5727310180664,36.99,59.13
515.6285965442657,37.0,59.24
516.7149543762207,37.0,59.34
517.733302116394,37.01,59.5
518.7894668579102,37.01,59.6
519.8547880649567,37.01,59.61
520.8986196517944,37.01,59.53
521.951479434967,37.02,59.39
523.0219666957855,37.02,59.24
524.0603711605072,37.01,59.17
525.1197626590729,37.02,59.17
526.1881506443024,37.02,59.15
527.2345514297485,37.01,59.1
528.283949136734,37.01,59.09
529.35333943367,37.02,59.2
530.3967382907867,37.01,59.34
531.4521334171295,37.01,59.45
532.5195212364197,37.01,59.58
533.5569267272949,37.01,59.59
534.6153202056885,37.01,59.54
535.6847071647644,37.01,59.46
536.7450993061066,37.01,59.36
537.7785069942474,37.01,59.31
538.8458950519562,37.01,59.32
539.8892970085144,37.0,59.3
540.9406943321228,37.01,59.2
542.0120801925659,37.01,59.13
543.0544826984406,37.01,59.21
544.1108772754669,37.01,59.29
545.1752672195435,37.02,59.41
546.2136726379395,37.02,59.54
547.2700667381287,37.01,59.65
548.3424515724182,37.01,59.62
549.3788576126099,37.02,59.55
550.4402492046356,37.01,59.46
551.5026409626007,37.02,59.34
552.543719291687,37.01,59.23
553.5957770347595,37.01,59.24
554.6689918041229,37.01,59.2
555.7121098041534,37.03,59.1
556.7847092151642,37.03,59.09
557.833172082901,37.03,59.21
558.8727838993073,37.03,59.35
559.9299237728119,37.04,59.53
560.996960401535,37.04,59.69
562.0414433479309,37.05,59.67
563.0997381210327,37.05,59.57
564.1637299060822,37.06,59.37
565.2061774730682,37.06,59.17
566.2606730461121,37.05,59.0
567.3307089805603,37.05,58.94
568.3721122741699,37.05,58.95
569.4305052757263,37.05,58.94
570.4968943595886,37.06,58.97
571.5392966270447,37.05,59.07
572.5956909656525,37.05,59.22
573.665078163147,37.05,59.39
574.7034828662872,37.06,59.53
575.7598774433136,37.05,59.62
576.8502533435822,37.06,59.61
577.8676702976227,37.05,59.49
578.9230647087097,37.06,59.35
579.9894535541534,37.06,59.21
581.0368530750275,37.05,59.08
582.0922474861145,37.04,59.06
583.1656322479248,37.04,59.07
584.2010388374329,37.04,59.07
585.25843334198,37.03,59.1
586.3228225708008,37.03,59.21
587.3632264137268,37.02,59.31
588.417622089386,37.02,59.45
589.4870088100433,37.01,59.58
590.529411315918,37.01,59.6
591.5838077068329,37.01,59.57
592.6491973400116,37.01,59.51
593.697595834732,37.01,59.38
594.7589869499207,37.01,59.29
595.8193798065186,37.01,59.27
596.8787722587585,37.02,59.19
597.9075844287872,37.01,59.07
598.9768476486206,37.01,59.09
600.0238797664642,37.01,59.17
601.0740098953247,37.0,59.29
602.1422760486603,37.0,59.39
603.1858322620392,37.0,59.51
604.2377374172211,37.0,59.61
605.3087191581726,37.01,59.58
606.3488981723785,37.01,59.51
607.4027843475342,37.01,59.36
608.4666829109192,37.01,59.2
609.5140886306763,37.01,59.22
610.5687158107758,37.01,59.25
611.6339387893677,37.01,59.22
612.6824018955231,37.01,59.22
613.7328004837036,37.01,59.29
614.804185628891,37.0,59.4
615.8435897827148,37.01,59.52
616.9209723472595,37.0,59.63
617.9633746147156,37.0,59.63
619.0057768821716,37.0,59.56
620.0581736564636,37.01,59.47
621.1265623569489,37.01,59.33
622.1669657230377,37.0,59.26
623.2243597507477,37.0,59.24
624.2907476425171,37.01,59.15
625.3331501483917,37.02,59.01
626.3945417404175,37.02,58.97
627.4599316120148,37.01,59.06
628.5023336410522,37.02,59.19
629.5547304153442,37.01,59.3
630.6231181621552,37.01,59.43
631.6645212173462,37.01,59.54
632.7179181575775,37.01,59.54
633.7883036136627,37.02,59.46
634.8287074565887,37.02,59.28
635.8851017951965,37.02,59.16
636.9704809188843,37.02,59.07
637.9978909492493,37.02,59.05
639.0502874851227,37.03,59.05
640.1186752319336,37.02,58.97
641.1590793132782,37.03,58.99
642.2144737243652,37.03,59.12
643.2828583717346,37.02,59.25
644.3228979110718,37.02,59.38
645.3825047016144,37.02,59.48
646.4483025074005,37.01,59.49
647.491183757782,37.01,59.43
648.5464367866516,37.0,59.39
649.6098086833954,37.0,59.31
650.6559813022614,37.01,59.18
651.708423614502,37.01,59.13
652.7769160270691,37.0,59.03
653.8154890537262,37.01,58.93
654.8744423389435,37.01,58.95
655.943238735199,37.01,59.06
657.0051784515381,37.01,59.16
658.04057264328,37.02,59.34
659.102963924408,37.02,59.5
660.1473655700684,37.0,59.59
661.2057585716248,37.0,59.58
662.2711477279663,37.01,59.49
663.3165485858917,37.01,59.38
664.3699445724487,37.01,59.19
665.4353339672089,37.01,59.1
666.4817342758179,37.0,59.11
667.5341310501099,37.0,59.11
668.6075155735016,37.0,59.07
669.6479194164276,37.0,59.07
670.7013154029846,37.0,59.15
671.7687036991119,37.0,59.23
672.8121054172516,37.0,59.31
673.8635029792786,37.0,59.42
674.9338893890381,36.99,59.53
675.9782907962799,36.99,59.59
677.0536742210388,37.0,59.58
678.0960767269135,37.0,59.52
679.1394789218903,36.99,59.41
680.1928751468658,36.99,59.27
681.2572648525238,36.99,59.18
682.3036649227142,36.99,59.16
683.3620598316193,36.98,59.13
684.4274475574493,36.98,59.01
685.4658532142639,36.98,58.99
686.5202486515045,36.98,59.04
687.5905890464783,36.97,59.11
688.6328213214874,36.98,59.18
689.6854190826416,36.98,59.28
690.7567317485809,36.97,59.37
691.7915477752686,36.98,59.46
692.8518614768982,36.97,59.53
693.9149754047394,36.97,59.51
694.9592425823212,36.97,59.44
696.0156297683716,36.98,59.33
697.1079018115997,36.97,59.25
698.1259653568268,36.97,59.25
699.1797597408295,36.97,59.23
700.2476148605347,36.97,59.12
701.2860834598541,36.97,59.09
702.3398711681366,36.97,59.14
703.4085822105408,36.96,59.25
704.4542162418365,36.97,59.38
705.5071785449982,36.96,59.48
706.5759217739105,36.97,59.54
707.6148319244385,36.96,59.56
708.6734697818756,36.97,59.49
709.7420632839203,36.96,59.37
710.7806632518768,36.96,59.24
711.8332660198212,36.96,59.15
712.9050030708313,36.96,59.1
713.9449603557587,36.97,59.04
715.0027642250061,36.98,58.9
716.0685422420502,36.97,58.83
717.1381859779358,36.97,58.93
718.1680417060852,36.97,59.04
719.2357997894287,36.97,59.14
720.2734274864197,36.97,59.29
721.3325428962708,36.98,59.45
722.397932767868,36.97,59.58
723.4413335323334,36.97,59.66
724.4987277984619,36.97,59.66
725.5611190795898,36.98,59.58
726.6025216579437,36.97,59.5
727.6599152088165,36.98,59.37
728.7313013076782,36.97,59.29
729.7657082080841,36.98,59.23
730.8231022357941,36.98,59.13
731.886492729187,36.97,59.01
732.9321758747101,36.98,58.98
733.9844470024109,36.98,59.06
735.055832862854,36.98,59.16
736.0954341888428,36.98,59.23
737.1758532524109,36.98,59.35
738.2173738479614,36.98,59.51
739.260491847992,36.99,59.63
740.3136203289032,36.99,59.76
741.3824026584625,36.99,59.75
742.4203498363495,36.99,59.65
743.4816052913666,36.99,59.54
744.540463924408,36.99,59.4
745.5849380493164,37.0,59.27
746.6424219608307,37.0,59.22
747.7105824947357,37.0,59.15
748.753984451294,37.0,59.04
749.8123779296875,36.99,59.01
750.8814942836761,36.99,59.1
751.9245719909668,36.99,59.19
752.9773647785187,36.99,59.35
754.0409107208252,36.99,59.46
755.0869579315186,36.99,59.58
756.1445896625519,37.0,59.61
757.2306885719299,37.01,59.5
758.2514531612396,37.0,59.36
759.3056457042694,37.0,59.2
760.3768026828766,36.99,59.11
761.4179377555847,36.99,59.1
762.4725151062012,37.0,59.09
763.5456435680389,36.99,59.03
764.5813100337982,37.0,59.02
765.6414842605591,37.0,59.14
766.7070031166077,37.0,59.26
767.749326467514,37.01,59.34
768.8058903217316,37.01,59.47
769.8738596439362,37.01,59.47
770.9144794940948,37.02,59.42
771.9671339988708,37.02,59.31
773.038729429245,37.02,59.15
774.0774247646332,37.01,59.08
775.1609823703766,37.02,59.05
776.2015795707703,37.02,59.0
777.245370388031,37.03,58.93
778.3003368377686,37.03,58.96
779.3659589290619,37.02,59.05
780.4104826450348,37.02,59.16
781.465345621109,37.02,59.24
782.5332498550415,37.02,59.35
783.5726976394653,37.02,59.47
784.6272628307343,37.02,59.62
785.6954257488251,37.02,59.69
786.7399942874908,37.02,59.65
787.7966647148132,37.01,59.58
788.8620691299438,37.01,59.46
789.8971648216248,37.02,59.33
790.9635951519012,37.01,59.31
792.0282363891602,37.01,59.31
793.0894842147827,37.0,59.25
794.1168949604034,37.01,59.27
795.1842842102051,37.0,59.31
796.2316827774048,37.01,59.39
797.2860791683197,37.0,59.47
798.3514678478241,36.99,59.54
799.3928713798523,36.99,59.62
800.4492652416229,36.99,59.73
801.5136551856995,37.0,59.71
802.5600552558899,37.0,59.65
803.6134519577026,37.0,59.53
804.6768436431885,37.0,59.4
805.7222428321838,37.01,59.28
806.7786371707916,37.0,59.23
807.8440263271332,37.0,59.15
808.8874282836914,37.0,59.05
809.9698078632355,37.0,59.02
811.0072133541107,36.99,59.1
812.0546131134033,36.99,59.17
813.1120069026947,36.99,59.24
814.1713993549347,37.0,59.32
815.2128026485443,37.0,59.43
816.2721960544586,37.01,59.54
817.337584733963,37.0,59.62
818.3769888877869,37.01,59.71
819.4183919429779,37.01,59.67
820.4877791404724,37.01,59.55
821.5271832942963,37.01,59.41
822.584988117218,37.01,59.22
823.6497974395752,37.02,59.02
824.6900949478149,37.01,58.9
825.7466018199921,37.02,58.86
826.8118727207184,37.01,58.77
827.8576767444611,37.02,58.77
828.9427225589752,37.02,58.91
829.9771411418915,37.02,59.04
831.0215435028076,37.02,59.14
832.0781471729279,37.02,59.25
833.144556760788,37.03,59.25
834.191775560379,37.03,59.23
835.2409398555756,37.02,59.16
836.3100361824036,37.02,59.1
837.3494653701782,37.02,59.13
838.4063873291016,37.02,59.12
839.4767735004425,37.02,59.12
840.515177488327,37.02,59.16
841.5685737133026,37.03,59.32
842.6399595737457,37.03,59.46
843.6783645153046,37.02,59.58
844.7347588539124,37.02,59.63
845.8051450252533,37.03,59.61
846.8445501327515,37.03,59.48
847.9009439945221,37.02,59.3
848.9883244037628,37.02,59.19
850.013733625412,37.02,59.19
851.0611326694489,37.01,59.19
852.1305203437805,37.02,59.16
853.176920413971,37.01,59.14
854.2293167114258,37.01,59.25
855.2947056293488,37.01,59.36
856.3401064872742,37.01,59.44
857.3905045986176,37.01,59.5
858.4588921070099,37.02,59.43
859.5032935142517,37.02,59.31
860.5586886405945,37.02,59.18
861.6250772476196,37.01,59.07
862.6684789657593,37.01,59.04
863.7228746414185,37.01,59.02
864.7902631759644,37.01,58.93
865.833664894104,37.01,58.94
866.8910586833954,37.01,59.02
867.9534707069397,37.02,59.1
869.0208501815796,37.01,59.22
870.0491051673889,37.0,59.35
871.1214601993561,37.01,59.51
872.1626749038696,37.0,59.59
873.2158813476562,37.0,59.55
874.2860980033875,37.01,59.41
875.3241448402405,37.01,59.27
876.3836646080017,37.01,59.18
877.4446265697479,37.0,59.18
878.4896228313446,37.01,59.17
879.5451312065125,37.01,59.1
880.6291301250458,37.01,59.09
881.6684398651123,37.01,59.16
882.724072933197,37.01,59.26
883.7924606800079,37.0,59.39
884.8338634967804,37.0,59.52
885.8772654533386,37.0,59.61
886.945652961731,36.99,59.62
887.9850573539734,36.99,59.54
889.0624396800995,36.99,59.43
890.1028435230255,36.99,59.3
891.1462452411652,36.98,59.22
892.2056379318237,36.97,59.16
893.2680289745331,36.97,59.09
894.3154287338257,36.97,58.98
895.3668260574341,36.97,58.96
896.4362137317657,36.97,59.01
897.4746179580688,36.96,59.03
898.531012058258,36.96,59.11
899.598400592804,36.96,59.21
900.6368062496185,36.98,59.34
901.6902015209198,36.98,59.48
902.7625865936279,36.98,59.57
903.8049890995026,36.98,59.52
904.8573870658875,36.98,59.39
905.9227752685547,36.98,59.22
906.9681761264801,36.99,59.12
908.0245704650879,36.98,59.11
909.1109478473663,36.97,59.1
910.1303634643555,36.98,59.05
911.1867578029633,36.98,59.08
912.2551455497742,36.97,59.18
913.3016362190247,36.97,59.25
914.3538687229156,36.97,59.33
915.4199304580688,36.97,59.43
916.4595696926117,36.96,59.51
917.5146195888519,36.97,59.57
918.5788762569427,36.97,59.61
919.6221992969513,36.97,59.59
920.676417350769,36.97,59.49
921.7472643852234,36.97,59.33
922.7849042415619,36.98,59.22
923.8397178649902,36.97,59.15
924.9090285301208,36.98,59.07
925.9542171955109,36.98,59.0
927.0057470798492,36.98,59.02
928.0723598003387,36.98,59.12
929.140992641449,36.98,59.22
930.17427277565,36.97,59.32
931.2380812168121,36.96,59.43
932.2786490917206,36.96,59.49
933.3333780765533,36.96,59.52
934.402024269104,36.96,59.54
935.4416260719299,36.97,59.5
936.4965045452118,36.96,59.49
937.5653648376465,36.96,59.46
938.6042077541351,36.97,59.41
939.6564643383026,36.97,59.31
940.725998878479,36.97,59.33
941.7682058811188,36.98,59.41
942.8229398727417,36.97,59.52
943.8883292675018,36.97,59.6
944.9317312240601,36.98,59.67
945.9871263504028,36.98,59.64
947.053514957428,36.98,59.55
948.0979163646698,36.99,59.41
949.1733005046844,36.98,59.28
950.2197000980377,36.98,59.17
951.2591044902802,36.98,59.11
952.3174977302551,37.0,59.02
953.3878843784332,37.0,58.86
954.4282884597778,37.0,58.89
955.485681772232,37.0,58.97
956.5570676326752,36.99,59.07
957.594000339508,36.99,59.18
958.6504991054535,37.0,59.31
959.7208862304688,37.01,59.47
960.7558329105377,37.01,59.59
961.8188965320587,37.02,59.69
962.8852822780609,37.01,59.63
963.9256498813629,37.01,59.55
964.9824495315552,37.01,59.41
966.0465009212494,37.0,59.24
967.0935952663422,37.0,59.17
968.1442577838898,37.0,59.07
969.2329878807068,37.0,58.99
970.2572782039642,37.0,58.91
971.3073110580444,37.01,58.92
972.3748731613159,37.0,58.96
973.4150719642639,37.01,59.09
974.473464012146,37.01,59.19
975.5368552207947,37.01,59.31
976.5812563896179,37.01,59.39
977.6376509666443,37.01,59.37
978.7040388584137,37.01,59.36
979.7494397163391,37.01,59.29
980.8008370399475,37.02,59.23
981.867226600647,37.01,59.23
982.9086301326752,37.02,59.2
983.9690215587616,37.02,59.16
985.0364093780518,37.02,59.2
986.0768127441406,37.02,59.29
987.1282110214233,37.02,59.43
988.2055926322937,37.02,59.57
989.2719812393188,37.02,59.64
990.3103866577148,37.01,59.61
991.3667833805084,37.02,59.51
992.4031867980957,37.02,59.4
993.4585814476013,37.01,59.34
994.5329656600952,37.02,59.32
995.5673727989197,37.02,59.29
996.6217684745789,37.01,59.21
997.6901559829712,37.02,59.22
998.7325587272644,37.01,59.3
999.7879536151886,37.01,59.32
1000.8563411235809,37.01,59.4
1001.8937463760376,37.01,59.51
1002.9492859840393,37.02,59.6
1004.0165359973907,37.03,59.66
1005.0606706142426,37.03,59.62
1006.1198177337646,37.03,59.53
1007.1823518276215,37.03,59.4
1008.2257919311523,37.02,59.3
1009.3019907474518,37.04,59.27
1010.3455176353455,37.03,59.22
1011.3887805938721,37.03,59.13
1012.4408783912659,37.03,59.12
1013.5120735168457,37.04,59.18
1014.5502784252167,37.04,59.26
1015.605626821518,37.03,59.36
1016.6720249652863,37.04,59.48
1017.7123267650604,37.04,59.57
1018.7687215805054,37.03,59.58
1019.8401067256927,37.03,59.53
1020.877512216568,37.03,59.45
1021.9329078197479,37.03,59.37
1023.0022943019867,37.03,59.32
1024.0436973571777,37.04,59.32
1025.0990931987762,37.03,59.27
1026.170478105545,37.04,59.18
1027.2108817100525,37.03,59.14
1028.263278722763,37.04,59.21
1029.3516550064087,37.02,59.31
1030.3710703849792,37.03,59.42
1031.4244666099548,37.03,59.52
1032.49285531044,37.03,59.59
1033.5372564792633,37.02,59.58
1034.5926508903503,37.03,59.48
1035.663063287735,37.03,59.27
1036.7014417648315,37.02,59.1
1037.7558374404907,37.03,59.02
1038.8272240161896,37.04,58.98
1039.8696258068085,37.04,58.94
1040.9250206947327,37.04,58.86
1041.991409778595,37.03,58.88
1043.0328133106232,37.04,58.99
1044.0932047367096,37.04,59.14
1045.1565952301025,37.04,59.23
1046.201996088028,37.04,59.34
1047.2533934116364,37.03,59.43
1048.3186728954315,37.03,59.42
1049.3884847164154,37.03,59.38
1050.4201488494873,37.03,59.34
1051.4855744838715,37.03,59.31
1052.525047302246,37.03,59.32
1053.5796694755554,37.03,59.29
1054.643074274063,37.03,59.25
1055.6860251426697,37.02,59.3
1056.7399730682373,37.02,59.38
1057.8108694553375,37.02,59.46
1058.8550927639008,37.01,59.58
1059.9096493721008,37.02,59.66
1060.971925497055,37.02,59.62
1062.0170443058014,37.02,59.49
1063.068279504776,37.03,59.3
1064.1376674175262,37.02,59.18
1065.176071882248,37.03,59.19
1066.2344646453857,37.02,59.18
1067.3048520088196,37.02,59.12
1068.343255996704,37.02,59.1
1069.4206385612488,37.03,59.17
1070.4690372943878,37.03,59.26
1071.5084416866302,37.03,59.34
1072.5628371238708,37.02,59.43
1073.629225730896,37.02,59.53
1074.6746265888214,37.02,59.59
1075.7270233631134,37.01,59.58
1076.7964103221893,37.02,59.48
1077.8388130664825,37.01,59.38
1078.8952071666718,37.01,59.32
1079.9605967998505,37.02,59.26
1080.9990012645721,37.02,59.23
1082.0583941936493,37.03,59.15
1083.1207854747772,37.02,59.16
1084.1651873588562,37.02,59.24
1085.2215819358826,37.01,59.36
1086.2869708538055,37.02,59.47
1087.3333706855774,37.02,59.51
1088.3877668380737,37.02,59.47
1089.4771418571472,37.02,59.38
1090.498556137085,37.01,59.25
1091.5529518127441,37.01,59.15
1092.6194882392883,37.02,59.14
1093.6602718830109,37.01,59.11
1094.7189860343933,37.0,59.05
1095.7814447879791,37.0,59.05
1096.8249316215515,36.99,59.09
1097.8839452266693,36.99,59.19
1098.9506866931915,36.99,59.32
1099.9903004169464,36.99,59.41
1101.04576253891,36.99,59.49
1102.110827922821,36.99,59.57
1103.1535785198212,36.99,59.56
1104.2138903141022,36.99,59.51
1105.2751104831696,36.99,59.36
1106.323224067688,36.99,59.14
1107.3778188228607,36.99,59.01
1108.4457321166992,37.0,58.96
1109.5131206512451,37.0,58.92
1110.5405313968658,37.0,58.84
1111.6079196929932,36.99,58.81
1112.6483232975006,36.99,58.85
1113.7037184238434,36.99,58.97
1114.778103351593,36.99,59.04
1115.8125097751617,36.99,59.15
1116.8689048290253,36.98,59.25
1117.9362921714783,36.98,59.34
1118.9826939105988,36.98,59.41
1120.033090353012,36.98,59.49
1121.1024775505066,36.98,59.54
1122.142881155014,36.98,59.52
1123.1972765922546,36.97,59.46
1124.259667634964,36.97,59.37
1125.3020703792572,36.98,59.31
1126.3584644794464,36.98,59.29
1127.4308497905731,36.98,59.25
1128.4682552814484,36.98,59.2
1129.5436387062073,36.98,59.23
1130.5910384654999,36.97,59.3
1131.6364393234253,36.96,59.37
1132.68683719635,36.96,59.45
1133.7522265911102,36.96,59.54
1134.7966277599335,36.96,59.59
1135.845026731491,36.96,59.56
1136.9144144058228,36.95,59.48
1137.953523159027,36.95,59.36
1139.0135016441345,36.95,59.27
1140.0822820663452,36.95,59.21
1141.125429391861,36.96,59.14
1142.179401397705,36.96,59.02
1143.2444758415222,36.96,58.96
1144.2920038700104,36.96,59.0
1145.3433344364166,36.96,59.05
1146.4134719371796,36.96,59.11
1147.459897518158,36.96,59.22
1148.5057904720306,36.95,59.31
1149.6036550998688,36.94,59.41
1150.6196434497833,36.94,59.46
1151.674533367157,36.94,59.46
1152.7386665344238,36.95,59.43
1153.7770717144012,36.95,59.33
1154.837462902069,36.95,59.26
1155.904851436615,36.95,59.22
1156.9472534656525,36.95,59.18
1158.0026485919952,36.95,59.15
1159.0670387744904,36.96,59.19
1160.1094410419464,36.96,59.25
1161.1648361682892,36.96,59.31
1162.2302253246307,36.96,59.39
1163.2726278305054,36.95,59.43
1164.3260242938995,36.96,59.52
1165.392412662506,36.95,59.6
1166.4328167438507,36.95,59.68
1167.487212896347,36.96,59.74
1168.5546002388,36.96,59.71
1169.6189908981323,36.96,59.64
1170.6513991355896,36.95,59.55
1171.717787027359,36.96,59.43
1172.7591907978058,36.96,59.28
1173.8145852088928,36.96,59.19
1174.8839721679688,36.97,59.04
1175.9233763217926,36.98,58.86
1176.9817698001862,36.98,58.81
1178.049157857895,36.98,58.87
1179.0925598144531,36.99,58.99
1180.149953842163,36.98,59.06
1181.2153432369232,36.98,59.19
1182.2577455043793,36.98,59.29
1183.3116075992584,36.99,59.41
1184.3799378871918,37.0,59.53
1185.42275929451,36.99,59.48
1186.4814760684967,37.0,59.39
1187.551649093628,37.01,59.19
1188.5835056304932,37.0,59.0
1189.665442943573,37.0,58.91
1190.7041425704956,37.02,58.86
1191.7484238147736,37.02,58.81
1192.8074598312378,37.02,58.73
1193.8755297660828,37.02,58.7
1194.91565990448,37.02,58.76
1195.9724340438843,37.02,58.85
1197.042659521103,37.01,58.95
1198.0812520980835,37.0,59.07
1199.1336495876312,37.0,59.2
1200.2030363082886,37.01,59.33
1201.2444393634796,37.01,59.43
1202.2988348007202,37.01,59.48
1203.3682217597961,37.0,59.46
1204.40762591362,37.01,59.4
1205.4640204906464,37.02,59.26
1206.5314087867737,37.01,59.17
1207.5758097171783,37.01,59.15
1208.628206729889,37.02,59.08
1209.7205805778503,37.02,58.99
1210.7429945468903,37.03,58.99
1211.7973902225494,37.03,59.09
1212.862779378891,37.03,59.21
1213.9061813354492,37.03,59.33
1214.956579208374,37.03,59.47
1216.02596616745,37.04,59.56
1217.0663697719574,37.04,59.53
1218.1267619132996,37.04,59.44
1219.1941504478455,37.03,59.22
1220.2335550785065,37.04,59.0
1221.2899487018585,37.04,58.87
1222.3573379516602,37.05,58.84
1223.4027378559113,37.05,58.81
1224.4581334590912,37.04,58.75
1225.5255210399628,37.04,58.68
1226.5669240951538,37.04,58.78
1227.6231842041016,37.04,58.92
1228.6891939640045,37.05,59.02
1229.753298997879,37.04,59.15
1230.7846403121948,37.04,59.27
1231.8505148887634,37.06,59.41
1232.8921463489532,37.05,59.48
1233.9481084346771,37.06,59.43
1235.018229484558,37.05,59.32
1236.057960510254,37.05,59.18
1237.1211895942688,37.05,59.03
1238.1793882846832,37.04,59.01
1239.2223145961761,37.04,59.02
1240.2804193496704,37.05,58.98
1241.3444936275482,37.05,58.97
1242.388964176178,37.04,59.03
1243.4428625106812,37.03,59.12
1244.5122497081757,37.03,59.22
1245.5546522140503,37.03,59.34
1246.6040515899658,37.03,59.44
1247.6734385490417,37.02,59.56
1248.7128417491913,37.03,59.64
1249.7922248840332,37.02,59.65
1250.8346264362335,37.02,59.57
1251.879026889801,37.02,59.45
1252.9344220161438,37.03,59.27
1254.0018103122711,37.03,59.1
1255.0452120304108,37.04,59.03
1256.0976088047028,37.04,58.93
1257.1669969558716,37.04,58.74
1258.2113971710205,37.04,58.68
1259.2627952098846,37.05,58.77
1260.3331809043884,37.04,58.86
1261.376583814621,37.05,58.96
1262.432977437973,37.05,59.06
1263.502364873886,37.05,59.18
1264.5407693386078,37.04,59.3
1265.5941653251648,37.04,59.45
1266.6645517349243,37.05,59.53
1267.700957775116,37.04,59.5
1268.7573521137238,37.05,59.42
1269.849726676941,37.04,59.27
1270.866144657135,37.04,59.12
1271.9205389022827,37.05,58.97
1272.99414396286,37.04,58.93
1274.0363013744354,37.04,58.86
1275.0912623405457,37.05,58.74
1276.1554515361786,37.05,58.68
1277.2005167007446,37.05,58.76
1278.2564113140106,37.05,58.87
1279.3223948478699,37.05,58.97
1280.3665030002594,37.04,59.06
1281.4218623638153,37.04,59.17
1282.4908638000488,37.04,59.27
1283.5296561717987,37.04,59.39
1284.5834171772003,37.02,59.47
1285.656210899353,37.02,59.5
1286.6913847923279,37.02,59.44
1287.7474822998047,37.02,59.34
1288.811872959137,37.01,59.21
1289.8792612552643,37.0,59.15
1290.9106693267822,37.0,59.12
1291.9810559749603,37.0,59.04
1293.0174624919891,37.0,58.89
1294.0738563537598,37.0,58.85
1295.1442427635193,36.99,58.92
1296.1836469173431,36.99,59.06
1297.241040945053,36.99,59.17
1298.3064303398132,36.99,59.22
1299.352830171585,36.98,59.27
1300.4022297859192,36.98,59.28
1301.470617055893,36.97,59.29
1302.5110204219818,36.97,59.34
1303.5634167194366,36.97,59.34
1304.6288073062897,36.97,59.32
1305.6732079982758,36.96,59.35
1306.7266035079956,36.96,59.38
1307.7919929027557,36.97,59.43
1308.8363943099976,36.97,59.51
1309.9097790718079,36.97,59.56
1310.9521815776825,36.97,59.61
1312.0015799999237,36.97,59.63
1313.0539765357971,36.98,59.6
1314.1233637332916,36.97,59.53
1315.1587703227997,36.98,59.43
1316.2141652107239,36.97,59.38
1317.283552646637,36.97,59.33
1318.3228294849396,36.98,59.26
1319.3788936138153,36.98,59.2
1320.4451086521149,36.97,59.19
1321.4865913391113,36.97,59.27
1322.5461330413818,36.98,59.36
1323.612058877945,36.98,59.47
1324.651901960373,36.98,59.57
1325.7099676132202,36.98,59.62
1326.7777574062347,36.98,59.6
1327.8168485164642,36.98,59.5
1328.8738009929657,36.99,59.32
1329.9605338573456,36.99,59.22
1330.9802250862122,36.98,59.19
1332.0396301746368,36.98,59.12
1333.1071908473969,36.98,59.06
1334.1469535827637,36.98,59.03
1335.2045588493347,36.98,59.07
1336.277104139328,36.98,59.15
1337.3155889511108,36.98,59.22
1338.373176574707,36.99,59.32
1339.4377205371857,36.99,59.43
1340.4751944541931,36.99,59.52
1341.5356802940369,36.99,59.56
1342.5992722511292,36.98,59.53
1343.6428575515747,36.99,59.44
1344.6938209533691,36.99,59.3
1345.763371706009,36.99,59.19
1346.8079812526703,36.99,59.14
1347.8635618686676,36.98,59.11
1348.928310394287,36.98,59.05
1349.9920654296875,36.97,59.05
1351.0316650867462,36.98,59.11
1352.0938396453857,36.98,59.2
1353.1384205818176,36.98,59.27
1354.1900293827057,36.99,59.37
1355.2566912174225,36.99,59.53
1356.2964806556702,36.99,59.63
1357.3522300720215,37.0,59.73
1358.4199855327606,37.0,59.71
1359.4656448364258,37.0,59.58
1360.5193803310394,37.01,59.35
1361.585025548935,37.02,59.06
1362.6329188346863,37.02,58.89
1363.6832711696625,37.01,58.88
1364.750858783722,37.02,58.88
1365.7978534698486,37.02,58.81
1366.8527047634125,37.03,58.8
1367.9191734790802,37.02,58.88
1368.9628446102142,37.02,58.97
1370.0384256839752,37.02,59.05
1371.083123922348,37.02,59.18
1372.1218321323395,37.03,59.31
1373.1777482032776,37.03,59.4
1374.2469229698181,37.03,59.41
1375.2897970676422,37.03,59.35
1376.3432908058167,37.03,59.26
1377.4073793888092,37.03,59.21
1378.4523100852966,37.03,59.2
1379.5107033252716,37.03,59.17
1380.5730957984924,37.03,59.13
1381.6164960861206,37.03,59.19
1382.670892715454,37.03,59.24
1383.7452766895294,37.03,59.32
1384.7846808433533,37.03,59.43
1385.8380765914917,37.04,59.57
1386.9054646492004,37.04,59.65
1387.9468677043915,37.04,59.71
1389.0002636909485,37.04,59.68
1390.0896394252777,37.04,59.59
1391.1150517463684,37.04,59.41
1392.1664488315582,37.05,59.19
1393.2358367443085,37.05,58.99
1394.274240732193,37.05,58.92
1395.3296365737915,37.05,58.87
1396.4040529727936,37.04,58.8
1397.4414253234863,37.05,58.81
1398.4988191127777,37.05,58.88
1399.5612111091614,37.05,58.96
1400.607610464096,37.05,59.08
1401.660007238388,37.05,59.21
1402.7263958454132,37.05,59.29
1403.770797252655,37.05,59.37
1404.823194026947,37.06,59.41
1405.891581773758,37.06,59.37
1406.9339847564697,37.05,59.36
1407.9917256832123,37.05,59.4
1409.0567696094513,37.05,59.43
1410.1194324493408,37.04,59.43
1411.1544246673584,37.05,59.5
1412.2176895141602,37.04,59.6
1413.2589933872223,37.05,59.71
1414.3158326148987,37.05,59.79
1415.3812999725342,37.06,59.71
1416.4232132434845,37.05,59.61
1417.4831879138947,37.05,59.43
1418.5520944595337,37.05,59.24
1419.591807603836,37.04,59.15
1420.6485035419464,37.05,59.12
1421.71062874794,37.05,59.05
1422.7580707073212,37.04,58.92
1423.8114676475525,37.05,58.91
1424.8798546791077,37.04,58.98
1425.9252552986145,37.03,59.03
1426.9786517620087,37.03,59.08
1428.0490379333496,37.03,59.15
1429.0884437561035,37.02,59.23
1430.158828496933,37.02,59.33
1431.205228805542,37.03,59.45
1432.2436335086823,37.02,59.54
1433.2970306873322,37.02,59.59
1434.3654172420502,37.01,59.58
1435.4098196029663,37.01,59.51
1436.4642159938812,37.0,59.4
1437.5286042690277,37.0,59.33
1438.5770032405853,36.99,59.28
1439.6264016628265,36.99,59.24
1440.6917910575867,36.99,59.14
1441.7371916770935,36.99,59.11
1442.7915873527527,36.99,59.14
1443.8579761981964,36.99,59.17
1444.902378320694,37.0,59.22
1445.9567730426788,37.0,59.3
1447.0241618156433,37.01,59.41
1448.0705616474152,37.01,59.5
1449.1289565563202,37.0,59.65
1450.2103350162506,37.01,59.72
1451.2297513484955,37.01,59.67
1452.285145521164,37.02,59.52
1453.356892824173,37.02,59.38
1454.3958761692047,37.02,59.21
1455.4515626430511,37.02,59.08
1456.5180130004883,37.02,59.04
1457.559830904007,37.03,58.95
1458.6158738136292,37.03,58.8
1459.6865570545197,37.03,58.76
1460.728952884674,37.04,58.82
1461.780680656433,37.04,58.88
1462.8500616550446,37.03,58.96
1463.8934423923492,37.03,59.07
1464.9442377090454,37.04,59.15
1466.0109777450562,37.04,59.22
1467.0502984523773,37.05,59.31
1468.1125864982605,37.04,59.4
1469.1789753437042,37.05,59.54
1470.2423658370972,37.05,59.63
1471.2757732868195,37.04,59.6
1472.3401682376862,37.05,59.47
1473.3835656642914,37.04,59.3
1474.4349632263184,37.05,59.13
1475.5043804645538,37.04,58.98
1476.5487513542175,37.04,58.92
1477.6001489162445,37.05,58.84
1478.6705355644226,37.04,58.74
1479.7149357795715,37.04,58.73
1480.7683320045471,37.04,58.82
1481.8377199172974,37.04,58.92
1482.8771233558655,37.04,59.01
1483.9345180988312,37.04,59.13
1485.0019063949585,37.04,59.28
1486.047307252884,37.04,59.42
1487.0987033843994,37.04,59.48
1488.169089794159,37.04,59.43
1489.2114923000336,37.05,59.28
1490.2878761291504,37.05,59.13
1491.33327627182,37.04,58.99
1492.3736798763275,37.04,58.92
1493.4310739040375,37.04,58.86
1494.4984619617462,37.05,58.82
1495.5398647785187,37.04,58.81
1496.5962595939636,37.05,58.92
1497.665646314621,37.04,59.02
1498.7064650058746,37.04,59.12
1499.7625668048859,37.04,59.25
1500.8282265663147,37.03,59.37
1501.8712956905365,37.04,59.53
1502.924340724945,37.04,59.63
1503.9918248653412,37.04,59.6
1505.0359239578247,37.04,59.46
1506.0889699459076,37.05,59.24
1507.1601321697235,37.03,59.09
1508.2001662254333,37.04,58.92
1509.2535247802734,37.05,58.82
1510.3461410999298,37.06,58.77
1511.3644804954529,37.05,58.68
1512.4194195270538,37.05,58.65
1513.4947159290314,37.04,58.73
1514.5281233787537,37.04,58.83
1515.58451795578,37.04,58.95
1516.6509075164795,37.04,59.04
1517.6903109550476,37.03,59.19
1518.7517025470734,37.04,59.33
1519.8140935897827,37.04,59.43
1520.8564958572388,37.04,59.5
1521.913890838623,37.03,59.43
1522.9812779426575,37.03,59.35
1524.02468085289,37.03,59.17
1525.0820739269257,37.02,59.05
1526.150461435318,37.03,59.02
1527.1898658275604,37.01,58.96
1528.249258518219,37.02,58.91
1529.3376350402832,37.0,58.9
1530.359049320221,37.01,58.95
1531.4154434204102,37.01,58.98
1532.4808330535889,37.0,59.02
1533.5212364196777,37.0,59.06
1534.5716345310211,36.99,59.12
1535.641021490097,37.0,59.21
1536.682424545288,37.0,59.27
1537.7348210811615,36.99,59.31
1538.8052077293396,36.99,59.42
1539.845611333847,36.99,59.51
1540.8970086574554,36.98,59.56
1541.9663956165314,36.98,59.59
1543.0084114074707,36.97,59.55
1544.061193227768,36.98,59.48
1545.1284492015839,36.97,59.44
1546.1691958904266,36.97,59.41
1547.2444813251495,36.97,59.36
1548.289784193039,36.98,59.26
1549.3345077037811,36.97,59.28
1550.3869512081146,36.97,59.38
1551.4601504802704,36.97,59.48
1552.4964663982391,36.98,59.56
1553.5522124767303,36.98,59.58
1554.6221969127655,36.98,59.53
1555.6620240211487,36.98,59.39
1556.7180452346802,36.97,59.26
1557.783699274063,36.97,59.17
1558.8296511173248,36.97,59.15
1559.884046792984,36.97,59.13
1560.9514350891113,36.97,59.06
1561.9938380718231,36.96,59.04
1563.0482330322266,36.96,59.1
1564.1386079788208,36.96,59.17
1565.156025648117,36.96,59.25
1566.2114198207855,36.96,59.34
1567.2798075675964,36.96,59.45
1568.3262083530426,36.95,59.49
1569.3716082572937,36.95,59.45
1570.4439940452576,36.94,59.37
1571.4843974113464,36.94,59.26
1572.5407917499542,36.94,59.16
1573.6031827926636,36.94,59.09
1574.6465859413147,36.94,58.99
1575.7029790878296,36.94,58.86
1576.7703676223755,36.94,58.82
1577.811770439148,36.95,58.88
1578.8691658973694,36.94,58.99
1579.9405508041382,36.94,59.06
1580.9779555797577,36.95,59.15
1582.0603358745575,36.94,59.23
1583.0967411994934,36.94,59.33
1584.1401438713074,36.93,59.43
1585.1925399303436,36.94,59.53
1586.2599279880524,36.95,59.58
1587.2993326187134,36.95,59.54
1588.3570325374603,36.95,59.42
1589.4266929626465,36.96,59.23
1590.4641408920288,36.96,59.11
1591.518042564392,36.96,59.06
1592.5873157978058,36.96,58.99
1593.6339509487152,36.96,58.88
1594.687320947647,36.96,58.83
1595.7578706741333,36.96,58.92
1596.797170162201,36.95,58.99
1597.8504960536957,36.95,59.07
1598.916074514389,36.96,59.15
1599.981398820877,36.96,59.27
1601.010665178299,36.95,59.36
1602.079339981079,36.95,59.48
1603.1244218349457,36.96,59.55
1604.1728219985962,36.95,59.51
1605.242208480835,36.95,59.4
1606.2846109867096,36.96,59.27
1607.3410050868988,36.95,59.19
1608.4053950309753,36.96,59.17
1609.4497964382172,36.97,59.13
1610.510188817978,36.95,59.04
1611.576577425003,36.96,59.04
1612.6199791431427,36.96,59.11
1613.6913650035858,36.96,59.2
1614.7417640686035,36.96,59.27
1615.7981581687927,36.96,59.32
1616.8645462989807,36.96,59.41
1617.9019522666931,36.96,59.51
1618.9473526477814,36.96,59.63
1620.0007486343384,36.96,59.69
1621.0621399879456,36.96,59.66
1622.1105399131775,36.96,59.56
1623.1609373092651,36.96,59.41
1624.237319946289,36.95,59.33
1625.2847197055817,36.95,59.3
1626.3581056594849,36.96,59.25
1627.5184397697449,36.96,59.14
1628.4529044628143,36.96,59.09
1629.498304605484,36.97,59.11
1630.5546987056732,36.97,59.19
1631.6221516132355,36.96,59.27
1632.6634900569916,36.96,59.36
1633.7264370918274,36.97,59.46
1634.7937195301056,36.97,59.56
1635.8244760036469,36.97,59.59
1636.889303445816,36.96,59.56
1637.917364358902,36.97,59.46
1638.9701714515686,36.98,59.29
1640.0392699241638,36.97,59.2
1641.0838096141815,36.98,59.17
1642.134047985077,36.98,59.14
1643.2101895809174,36.98,59.07
1644.242395401001,36.99,59.1
1645.305691242218,36.99,59.17
1646.380827665329,36.99,59.27
1647.4100849628448,36.99,59.36
1648.463392496109,36.99,59.47
1649.53178024292,36.98,59.54
1650.5761816501617,36.98,59.53
1651.635579586029,36.99,59.44
1652.6969652175903,36.98,59.32
1653.7373702526093,36.98,59.22
1654.8172540664673,36.98,59.15
1655.8606564998627,36.98,59.09
1656.911054134369,36.98,59.02
1657.9614524841309,36.98,58.91
1659.0258419513702,36.97,58.9
1660.0682442188263,36.98,58.92
1661.1236402988434,36.98,58.94
1662.1990232467651,36.97,58.99
1663.234429359436,36.97,59.06
1664.2888250350952,36.97,59.17
1665.3552145957947,36.98,59.3
1666.3956174850464,36.97,59.41
1667.4510126113892,36.98,59.52
1668.5263962745667,36.98,59.53
1669.5658004283905,36.98,59.49
1670.6211953163147,36.98,59.38
1671.6855862140656,36.98,59.22
1672.7289872169495,36.99,59.14
1673.7853815555573,37.01,59.15
1674.875757932663,37.01,59.08
1675.9001700878143,37.02,58.97
1676.9475691318512,37.02,58.9
1678.0221037864685,37.02,58.95
1679.0596640110016,37.02,59.08
1680.1205291748047,37.01,59.18
1681.1897268295288,37.01,59.26
1682.2249944210052,37.03,59.37
1683.2836906909943,37.03,59.39
1684.3470463752747,37.03,59.37
1685.3922848701477,37.03,59.29
1686.444375038147,37.04,59.12
1687.5150725841522,37.04,59.0
1688.5578429698944,37.05,58.99
1689.621411561966,37.05,58.98
1690.692771911621,37.04,58.92
1691.7238998413086,37.04,58.94
1692.7810688018799,37.04,59.06
1693.8539230823517,37.04,59.17
1694.918312549591,37.03,59.27
1695.9407269954681,37.04,59.4
1697.0081145763397,37.04,59.49
1698.049518108368,37.04,59.51
1699.10391330719,37.04,59.45
1700.172301530838,37.05,59.33
1701.2117056846619,37.04,59.26
1702.2780945301056,37.05,59.25
1703.34148478508,37.05,59.23
1704.3788895606995,37.06,59.17
1705.4422812461853,37.07,59.11
1706.5036716461182,37.07,59.2
1707.5540702342987,37.07,59.34
1708.5994708538055,37.08,59.44
1709.6688580513,37.08,59.56
1710.7112607955933,37.09,59.52
1711.7656559944153,37.09,59.38
1712.8310451507568,37.09,59.21
1713.8784449100494,37.09,59.01
1714.9628231525421,37.09,58.8
1716.004225730896,37.1,58.69
1717.0496270656586,37.09,58.67
1718.1010248661041,37.1,58.67
1719.1694123744965,37.1,58.71
1720.2078170776367,37.09,58.82
1721.271206855774,37.08,58.94
1722.3335978984833,37.08,59.09
1723.3775317668915,37.09,59.26
1724.4267740249634,37.08,59.41
1725.499634027481,37.07,59.47
1726.5392830371857,37.07,59.48
1727.595097541809,37.07,59.4
1728.6612677574158,37.07,59.29
1729.7046134471893,37.06,59.23
1730.7559025287628,37.06,59.23
1731.8330779075623,37.06,59.22
1732.8714270591736,37.04,59.18
1733.9365422725677,37.05,59.21
1735.0212938785553,37.05,59.31
1736.0345635414124,37.05,59.38
1737.0826563835144,37.06,59.44
1738.1541979312897,37.06,59.53
1739.1964647769928,37.05,59.61
1740.2471690177917,37.06,59.72
1741.3258373737335,37.06,59.78
1742.352462530136,37.05,59.76
1743.4136235713959,37.05,59.67
1744.4816048145294,37.05,59.53
1745.522467136383,37.05,59.4
1746.5761394500732,37.05,59.34
1747.649765253067,37.04,59.3
1748.6857461929321,37.04,59.31
1749.7477655410767,37.03,59.26
1750.8126826286316,37.03,59.26
1751.8505611419678,37.03,59.37
1752.9065372943878,37.03,59.44
1753.9773902893066,37.03,59.55
1755.037612915039,37.02,59.65
1756.0730843544006,37.02,59.68
1757.1343100070953,37.02,59.64
1758.1780633926392,37.01,59.55
1759.2344822883606,37.01,59.46
1760.301241159439,37.01,59.39
1761.3414039611816,37.01,59.37
1762.3979623317719,37.01,59.3
1763.4634685516357,37.01,59.21
1764.5060458183289,37.0,59.22
1765.560525894165,37.01,59.33
1766.6290333271027,37.01,59.43
1767.6685771942139,37.0,59.49
1768.731050491333,37.01,59.53
1769.7938306331635,37.0,59.5
1770.8403742313385,37.0,59.42
1771.8874921798706,37.0,59.4
1772.9578957557678,37.01,59.46
1773.9981472492218,37.01,59.47
1775.0766203403473,37.01,59.44
1776.1192061901093,37.01,59.47
1777.1609032154083,37.01,59.62
1778.2226839065552,37.01,59.76
1779.2932062149048,37.01,59.85
1780.3390998840332,37.01,59.85
1781.3845245838165,37.0,59.78
1782.4511699676514,37.02,59.68
1783.4952759742737,37.01,59.52
1784.5440418720245,37.01,59.45
1785.6119637489319,37.01,59.43
1786.6555829048157,37.01,59.38
1787.7126023769379,37.02,59.27
1788.77769947052,37.01,59.19
1789.8191044330597,37.02,59.31
1790.8758680820465,37.01,59.42
1791.9362094402313,37.02,59.55
1792.9858038425446,37.02,59.63
1794.0424525737762,37.02,59.64
1795.1310017108917,37.02,59.59
1796.1464173793793,37.01,59.49
1797.2032811641693,37.01,59.37
1798.269670009613,37.01,59.27
1799.3130719661713,37.01,59.23
1800.3654687404633,37.01,59.22
1801.439853668213,37.02,59.16
1802.4732604026794,37.01,59.13
1803.5346519947052,37.02,59.24
1804.607037305832,37.03,59.41
1805.64244389534,37.02,59.58
1806.7028360366821,37.03,59.71
1807.7672259807587,37.03,59.7
1808.8066306114197,37.02,59.6
1809.864024400711,37.02,59.46
1810.9334483146667,37.02,59.26
1811.976812839508,37.02,59.18
1813.031490802765,37.02,59.17
1814.096298456192,37.01,59.18
1815.1605520248413,37.0,59.15
1816.1924803256989,36.99,59.14
1817.2562546730042,37.0,59.24
1818.3022022247314,36.98,59.34
1819.3572807312012,36.99,59.44
1820.4266822338104,36.98,59.51
1821.4630978107452,36.98,59.52
1822.523157119751,36.97,59.52
1823.590213060379,36.97,59.47
1824.6295132637024,36.97,59.48
1825.6849212646484,36.96,59.5
1826.750007390976,36.96,59.48
1827.7924284934998,36.95,59.47
1828.84787607193,36.96,59.5
1829.9116299152374,36.96,59.62
1830.95459151268,36.95,59.7
1832.009060382843,36.95,59.76
1833.071650505066,36.94,59.75
1834.120242357254,36.94,59.71
1835.1938269138336,36.94,59.64
1836.2364072799683,36.93,59.57
1837.2780570983887,36.93,59.54
1838.3326830863953,36.93,59.51
1839.3983852863312,36.93,59.45
1840.4399774074554,36.93,59.38
1841.4966115951538,36.92,59.39
1842.5562777519226,36.93,59.46
1843.605808019638,36.93,59.53
1844.6577017307281,36.93,59.66
1845.7202792167664,36.93,59.79
1846.7641451358795,36.92,59.9
1847.8201568126678,36.93,59.88
1848.8893978595734,36.93,59.84
1849.9292335510254,36.92,59.77
1850.9818646907806,36.92,59.69
1852.049504518509,36.93,59.62
1853.093210220337,36.94,59.58
1854.1500606536865,36.94,59.5
1855.2347762584686,36.95,59.4
1856.2597353458405,36.94,59.41
1857.3080909252167,36.94,59.51
1858.3758771419525,36.94,59.65
1859.4132192134857,36.94,59.77
1860.474848985672,36.95,59.87
1861.5394217967987,36.94,59.87
1862.578600883484,36.94,59.83
1863.6334156990051,36.94,59.75
1864.7089729309082,36.94,59.63
1865.7451100349426,36.95,59.59
1866.8001399040222,36.94,59.58
1867.8677082061768,36.95,59.54
1868.9066908359528,36.95,59.44
1869.9642989635468,36.95,59.47
1871.029292345047,36.95,59.58
1872.073475599289,36.95,59.66
1873.1238708496094,36.95,59.74
1874.1972546577454,36.96,59.76
1875.2646429538727,36.96,59.7
1876.293053150177,36.98,59.59
1877.3554441928864,36.97,59.45
1878.401845216751,36.97,59.38
1879.4572401046753,36.98,59.35
1880.5236291885376,36.99,59.33
1881.5640320777893,37.0,59.23
1882.617428302765,37.0,59.21
1883.6908130645752,37.0,59.31
1884.7332153320312,37.0,59.47
1885.7856121063232,37.0,59.62
1886.8579976558685,37.0,59.76
1887.8974015712738,37.01,59.77
1888.954796552658,37.01,59.7
1890.0241825580597,37.01,59.59
1891.0645861625671,37.01,59.45
1892.1189832687378,37.01,59.38
1893.1843712329865,37.01,59.38
1894.2287731170654,37.01,59.39
1895.3011577129364,37.02,59.37
1896.3465585708618,37.02,59.44
1897.3879616260529,37.01,59.58
1898.4453556537628,37.01,59.66
1899.50874710083,37.0,59.74
1900.5511484146118,37.0,59.76
1901.6095416545868,37.0,59.74
1902.6769301891327,37.0,59.69
1903.7172725200653,37.01,59.61
1904.7730638980865,37.0,59.57
1905.8446080684662,37.01,59.59
1906.8904736042023,37.01,59.56
1907.9419703483582,37.01,59.48
1909.0079083442688,37.01,59.51
1910.0491995811462,37.02,59.64
1911.1016099452972,37.02,59.73
1912.1706397533417,37.02,59.86
1913.2124497890472,37.02,59.95
1914.2886662483215,37.02,59.96
1915.3378975391388,37.02,59.87
1916.3730130195618,37.03,59.76
1917.427142381668,37.03,59.66
1918.4999148845673,37.03,59.62
1919.5433158874512,37.03,59.62
1920.595713853836,37.03,59.63
1921.663100719452,37.03,59.59
1922.704503774643,37.04,59.59
1923.7589011192322,37.05,59.75
1924.828286409378,37.05,59.86
1925.8696897029877,37.05,59.98
1926.927083492279,37.05,60.0
1927.996470451355,37.05,59.95
1929.036874294281,37.06,59.79
1930.0912699699402,37.06,59.61
1931.1846430301666,37.06,59.39
1932.1990616321564,37.06,59.37
1933.2574558258057,37.07,59.42
1934.32484292984,37.07,59.46
1935.3642482757568,37.07,59.5
1936.416644334793,37.07,59.65
1937.4890294075012,37.07,59.82
1938.5304324626923,37.08,59.94
1939.585827589035,37.08,59.95
1940.6532154083252,37.08,59.87
1941.6936192512512,37.07,59.72
1942.7480149269104,37.07,59.59
1943.8214001655579,37.09,59.44
1944.8618035316467,37.09,59.35
1945.917198419571,37.09,59.35
1946.9865853786469,37.1,59.35
1948.0266375541687,37.1,59.4
1949.1042685508728,37.11,59.53
1950.1499562263489,37.11,59.75
1951.1890847682953,37.12,59.96
1952.254273891449,37.12,60.09
1953.324099779129,37.12,60.09
1954.3609507083893,37.12,59.96
1955.4361820220947,37.13,59.78
1956.4798266887665,37.13,59.57
1957.5354754924774,37.13,59.39
1958.5836188793182,37.13,59.32
1959.649841785431,37.13,59.35
1960.696303844452,37.13,59.35
1961.7477355003357,37.13,59.4
1962.818059206009,37.14,59.58
1963.8579528331757,37.14,59.75
1964.9193441867828,37.14,59.82
1965.9857332706451,37.13,59.82
1967.0541207790375,37.14,59.72
1968.0835304260254,37.14,59.55
1969.1439232826233,37.14,59.42
1970.188324213028,37.14,59.3
1971.2457180023193,37.13,59.22
1972.3151047229767,37.14,59.27
1973.3535096645355,37.14,59.31
1974.4089047908783,37.14,59.37
1975.48029088974,37.13,59.53
1976.5206944942474,37.13,59.68
1977.578088760376,37.13,59.83
1978.638480424881,37.12,59.83
1979.6868796348572,37.11,59.77
1980.748271226883,37.11,59.69
1981.8046669960022,37.1,59.57
1982.853065252304,37.1,59.43
1983.9294474124908,37.1,59.43
1984.9758477210999,37.1,59.45
1986.0142526626587,37.09,59.44
1987.0696475505829,37.09,59.48
1988.141033411026,37.08,59.63
1989.181437253952,37.08,59.79
1990.2338337898254,37.08,59.92
1991.3022212982178,37.07,59.98
1992.3416256904602,37.07,59.89
1993.3972752094269,37.07,59.81
1994.4647614955902,37.06,59.69
1995.5037696361542,37.06,59.53
1996.568345785141,37.07,59.43
1997.6292161941528,37.07,59.42
1998.6704268455505,37.07,59.39
1999.7305660247803,37.07,59.36
2000.7999045848846,37.07,59.4
2001.865245103836,37.07,59.54
2002.898767709732,37.06,59.71
2003.9544110298157,37.06,59.86
2004.9976289272308,37.05,59.97
2006.0595219135284,37.04,59.99
2007.126128435135,37.04,59.95
2008.1694405078888,37.05,59.85
2009.2268345355988,37.04,59.76
2010.2912242412567,37.04,59.7
2011.3316280841827,37.03,59.69
2012.3800268173218,37.03,59.69
2013.4444167613983,37.03,59.6
2014.4878196716309,37.03,59.6
2015.550209760666,37.03,59.71
2016.6126010417938,37.02,59.84
2017.657506942749,37.01,60.0
2018.7039070129395,37.0,60.1
2019.8022773265839,37.0,60.13
2020.8156967163086,36.99,60.14
2021.8690927028656,36.99,60.11
2022.9434773921967,36.99,60.01
2023.9848806858063,36.99,59.93
2025.0302810668945,36.99,59.8
2026.107663154602,36.98,59.75
2027.1400713920593,36.98,59.7
2028.2024624347687,36.99,59.57
2029.2678518295288,36.98,59.39
2030.306256532669,36.99,59.37
2031.3606522083282,36.98,59.49
2032.433037519455,36.98,59.65
2033.4674444198608,36.97,59.77
2034.526837348938,36.97,59.87
2035.596224308014,36.98,59.91
2036.6586153507233,36.97,59.88
2037.686027288437,36.98,59.82
2038.7567949295044,36.98,59.65
2039.7991967201233,36.99,59.5
2040.8569285869598,36.98,59.42
2041.9234402179718,36.98,59.41
2042.962023973465,36.98,59.39
2044.0212802886963,36.98,59.31
2045.0856370925903,36.98,59.36
2046.1250004768372,36.98,59.49
2047.16046833992,36.99,59.67
2048.2285554409027,37.0,59.85
2049.268379688263,36.99,59.86
2050.3280878067017,36.99,59.82
2051.3947818279266,36.99,59.74
2052.43776011467,36.99,59.61
2053.4881780147552,36.98,59.55
2054.5615618228912,36.98,59.56
2055.6219539642334,36.98,59.54
2056.658360004425,36.98,59.47
2057.722749710083,36.98,59.51
2058.758157491684,36.97,59.64
2059.8145508766174,36.97,59.75
2060.880940437317,36.97,59.87
2061.9233429431915,36.97,59.88
2062.9827349185944,36.97,59.83
2064.0461254119873,36.97,59.73
2065.0895273685455,36.97,59.61
2066.149919986725,36.98,59.53
2067.207313299179,36.98,59.52
2068.251714706421,36.98,59.54
2069.3091084957123,36.98,59.48
2070.3894894123077,36.99,59.49
2071.419899702072,36.98,59.61
2072.4782927036285,36.98,59.79
2073.542682647705,36.98,59.97
2074.5810866355896,36.99,60.11
2075.655470609665,36.98,60.12
2076.7018711566925,36.98,60.06
2077.7482719421387,36.99,59.97
2078.806664466858,36.98,59.84
2079.8730533123016,36.99,59.73
2080.9094591140747,36.98,59.67
2081.971850156784,36.98,59.66
2083.0369412899017,36.99,59.63
2084.0763506889343,37.0,59.53
2085.131992816925,37.0,59.56
2086.2039856910706,36.99,59.68
2087.237200021744,37.0,59.82
2088.2971653938293,36.99,59.91
2089.366426706314,36.98,59.92
2090.4070613384247,36.99,59.88
2091.459326982498,36.99,59.8
2092.5258095264435,36.99,59.72
2093.5680708885193,36.99,59.69
2094.6216690540314,36.99,59.7
2095.7131962776184,36.99,59.71
2096.732032775879,36.99,59.66
2097.7821509838104,36.99,59.7
2098.849270105362,36.98,59.82
2099.8860421180725,36.98,59.91
2100.94606590271,36.98,60.02
2102.0136086940765,36.98,60.05
2103.057480573654,36.98,60.03
2104.1141521930695,36.99,60.0
2105.189845561981,36.99,59.94
2106.2217259407043,36.98,59.84
2107.2803337574005,36.98,59.76
2108.3462512493134,36.98,59.73
2109.395795583725,37.0,59.67
2110.4383714199066,36.99,59.56
2111.5049176216125,37.01,59.55
2112.543486595154,37.0,59.65
2113.6071944236755,37.01,59.76
2114.669803380966,37.01,59.87
2115.735343694687,37.01,60.0
2116.76895403862,37.02,60.02
2117.841584444046,37.02,59.95
2118.8793766498566,37.01,59.82
2119.939076423645,37.02,59.68
2121.004369020462,37.02,59.56
2122.0470023155212,37.02,59.57
2123.096608877182,37.02,59.6
2124.1712214946747,37.03,59.61
2125.207805633545,37.03,59.64
2126.2595913410187,37.04,59.79
2127.3271861076355,37.04,60.0
2128.372058391571,37.04,60.11
2129.4315807819366,37.04,60.1
2130.501270532608,37.04,60.05
2131.53648853302,37.03,59.94
2132.5946204662323,37.04,59.78
2133.6611869335175,37.04,59.65
2134.7024693489075,37.04,59.64
2135.779240131378,37.04,59.7
2136.827924966812,37.04,59.73
2137.8626873493195,37.03,59.79
2138.9225833415985,37.03,59.89
2139.9882757663727,37.03,59.89
2141.034035682678,37.04,59.84
2142.090984106064,37.03,59.78
2143.1558010578156,37.02,59.69
2144.1941726207733,37.03,59.65
2145.248641729355,37.04,59.65
2146.322690010071,37.04,59.64
2147.353301048279,37.03,59.56
2148.4156737327576,37.03,59.61
2149.4761641025543,37.04,59.8
2150.5244948863983,37.02,59.92
2151.576224088669,37.02,60.02
2152.6453852653503,37.03,60.07
2153.6899824142456,37.02,60.02
2154.74271774292,37.02,59.95
2155.8332920074463,37.02,59.83
2156.8471212387085,37.02,59.72
2157.9086458683014,37.02,59.64
2158.973433971405,37.03,59.61
2160.0137457847595,37.03,59.56
2161.0661425590515,37.03,59.51
2162.1425244808197,37.02,59.54
2163.174933195114,37.03,59.69
2164.23432636261,37.03,59.82
2165.3007140159607,37.02,59.87
2166.346114873886,37.02,59.9
2167.394514322281,37.02,59.89
2168.4688987731934,37.02,59.82
2169.5103011131287,37.01,59.77
2170.564696788788,37.01,59.69
2171.6290867328644,37.01,59.64
2172.668492078781,37.02,59.58
2173.7253346443176,37.01,59.51
2174.7911217212677,37.01,59.44
2175.849615097046,37.01,59.47
2176.8881783485413,37.01,59.62
2177.9584727287292,37.01,59.77
2179.0001649856567,37.01,59.87
2180.052958250046,37.0,59.89
2181.1251525878906,37.0,59.86
2182.1628365516663,37.01,59.8
2183.216377019882,37.0,59.72
2184.2838304042816,37.0,59.69
2185.328572034836,37.01,59.74
2186.3843433856964,37.02,59.73
2187.4488196372986,37.02,59.67
2188.4864978790283,37.02,59.64
2189.5478885173798,37.02,59.61
2190.614277124405,37.02,59.65
2191.6566796302795,37.02,59.76
2192.7080779075623,37.02,59.85
2193.776465177536,37.02,59.91
2194.81786775589,37.02,59.86
2195.8962495326996,37.03,59.76
2196.938652038574,37.03,59.62
2197.981054544449,37.02,59.47
2199.0374488830566,37.03,59.39
2200.1078362464905,37.02,59.41
2201.1522369384766,37.03,59.47
2202.2076318264008,37.02,59.5
2203.2710223197937,37.02,59.53
2204.3104264736176,37.02,59.7
2205.365821838379,37.02,59.88
2206.4392063617706,37.01,59.99
2207.4756121635437,37.01,60.01
2208.53600525856,37.01,59.98
2209.5963966846466,37.01,59.89
2210.6427977085114,37.01,59.82
2211.6991913318634,37.01,59.78
2212.7595834732056,37.0,59.81
2213.8079833984375,37.01,59.82
2214.8613789081573,37.02,59.78
2215.9497554302216,37.01,59.77
2216.9646809101105,37.0,59.79
2218.026073694229,37.01,59.85
2219.088397026062,37.0,59.97
2220.129794359207,37.01,60.03
2221.1850719451904,37.01,59.99
2222.2533247470856,37.01,59.9
2223.3009872436523,37.01,59.78
2224.3524730205536,37.01,59.63
2225.4227480888367,37.0,59.52
2226.4595050811768,37.01,59.5
2227.516714334488,37.0,59.54
2228.5815007686615,37.0,59.55
2229.625358104706,37.01,59.63
2230.6794447898865,37.01,59.79
2231.745443344116,37.01,59.98
2232.7864360809326,37.01,60.05
2233.846790075302,37.02,60.07
2234.919175386429,37.01,60.01
2235.985565185547,37.03,59.89
2237.012975692749,37.02,59.74
2238.0853605270386,37.02,59.69
2239.1237664222717,37.02,59.71
2240.1761631965637,37.02,59.75
2241.2445497512817,37.01,59.73
2242.284953355789,37.01,59.72
2243.340348482132,37.02,59.74
2244.406737089157,37.02,59.77
2245.4491398334503,37.01,59.84
2246.5065343379974,37.0,59.91
2247.5739216804504,37.01,59.94
2248.616324186325,37.01,59.92
2249.67072057724,37.0,59.86
2250.7421057224274,36.99,59.78
2251.778511762619,37.0,59.69
2252.8337926864624,37.0,59.61
2253.9023835659027,37.01,59.59
2254.9431607723236,37.01,59.56
2256.015714406967,37.01,59.49
2257.0612297058105,37.02,59.5
2258.1009349823,37.01,59.6
2259.160618543625,37.01,59.76
2260.224336862564,37.0,59.94
2261.265964746475,37.01,60.1
2262.323506116867,37.01,60.18
2263.3914551734924,37.02,60.15
2264.4327313899994,37.02,60.08
2265.490259885788,37.01,59.96
2266.561297416687,37.01,59.82
2267.6005334854126,37.0,59.74
2268.654682636261,37.0,59.74
2269.726090192795,37.0,59.74
2270.7659192085266,37.0,59.7
2271.8218891620636,37.0,59.68
2272.8872385025024,37.01,59.77
2273.9340867996216,37.0,59.96
2274.977526664734,37.01,60.17
2276.074954509735,37.01,60.33
2277.0950622558594,37.02,60.38
2278.1558318138123,37.01,60.35
2279.220986366272,37.02,60.26
2280.2585203647614,37.02,60.09
2281.317991733551,37.02,59.93
2282.3824079036713,37.02,59.8
2283.424232006073,37.02,59.7
2284.4821152687073,37.02,59.66
2285.552614927292,37.02,59.6
2286.592557668686,37.02,59.53
2287.645190477371,37.02,59.54
2288.715942144394,37.03,59.7
2289.7495036125183,37.03,59.89
2290.809113264084,37.03,60.0
2291.877910375595,37.03,60.01
2292.920462369919,37.02,59.97
2293.976121902466,37.02,59.88
2295.045056581497,37.01,59.8
2296.1096365451813,37.02,59.76
2297.142585039139,37.02,59.74
2298.2071232795715,37.02,59.72
2299.243852376938,37.02,59.66
2300.3015389442444,37.03,59.67
2301.3704612255096,37.03,59.83
2302.407203912735,37.04,60.01
2303.47279381752,37.03,60.14
2304.537430047989,37.03,60.14
2305.5888266563416,37.02,60.07
2306.6422231197357,37.02,59.97
2307.6956191062927,37.02,59.86
2308.738489151001,37.02,59.81
2309.7924032211304,37.01,59.78
2310.85826420784,37.01,59.76
2311.9076466560364,37.01,59.72
2312.95400929451,37.01,59.76
2314.0250532627106,37.01,59.86
2315.0621271133423,37.01,59.99
2316.1439661979675,37.01,60.08
2317.188868522644,37.02,60.12
2318.2303438186646,37.01,60.08
2319.282334089279,37.01,59.99
2320.3516976833344,37.02,59.87
2321.394499063492,37.02,59.66
2322.4481484889984,37.03,59.53
2323.5179970264435,37.03,59.54
2324.5564019680023,37.03,59.51
2325.6147961616516,37.02,59.47
2326.6801857948303,37.03,59.49
2327.7245860099792,37.02,59.59
2328.77898144722,37.02,59.7
2329.8403735160828,37.02,59.82
2330.890771627426,37.02,59.92
2331.941169023514,37.02,59.95
2333.0115554332733,37.03,59.91
2334.0549573898315,37.02,59.85
2335.1103534698486,37.02,59.71
2336.196729660034,37.03,59.58
2337.2131476402283,37.02,59.5
2338.2655444145203,37.04,59.51
2339.3369295597076,37.04,59.49
2340.3753345012665,37.03,59.44
2341.4377262592316,37.04,59.44
2342.4991171360016,37.04,59.58
2343.5445187091827,37.04,59.75
2344.5999133586884,37.04,59.88
2345.66730093956,37.03,59.89
2346.7067065238953,37.04,59.86
2347.7680978775024,37.04,59.74
2348.8334867954254,37.04,59.57
2349.8788874149323,37.04,59.47
2350.934282064438,37.03,59.4
2352.0016708374023,37.04,59.39
2353.0380761623383,37.04,59.4
2354.092742919922,37.04,59.39
2355.165043115616,37.05,59.47
2356.2272408008575,37.05,59.66
2357.2590131759644,37.04,59.76
2358.3281333446503,37.04,59.85
2359.3695833683014,37.04,59.89
2360.4215185642242,37.03,59.87
2361.492205142975,37.04,59.81
2362.5325434207916,37.03,59.72
2363.5862324237823,37.03,59.59
2364.6566166877747,37.04,59.57
2365.6962683200836,37.03,59.61
2366.7563376426697,37.02,59.62
2367.818814754486,37.02,59.57
2368.8632349967957,37.02,59.62
2369.9196288585663,37.02,59.74
2370.981020927429,37.01,59.89
2372.021423816681,37.02,59.96
2373.0768189430237,37.01,60.01
2374.152202606201,37.0,59.98
2375.1876096725464,37.0,59.93
2376.266990184784,37.0,59.85
2377.3073937892914,37.0,59.77
2378.346798181534,37.0,59.74
2379.4061918258667,37.0,59.74
2380.4715802669525,37.0,59.66
2381.513983488083,36.99,59.57
2382.5703778266907,36.99,59.63
2383.6417632102966,37.0,59.8
2384.674171924591,36.99,59.93
2385.732565641403,36.99,60.02
2386.801952600479,36.99,60.05
2387.8413558006287,36.99,60.03
2388.898750305176,36.99,59.98
2389.9681372642517,36.99,59.9
2391.0065412521362,36.98,59.78
2392.0609369277954,36.99,59.76
2393.1293251514435,36.99,59.75
2394.171727180481,36.99,59.71
2395.229121685028,36.99,59.61
2396.3164982795715,37.0,59.64
2397.3289184570312,37.0,59.74
2398.3916018009186,37.0,59.94
2399.4573333263397,37.01,60.11
2400.499544620514,37.0,60.11
2401.558744907379,37.0,60.07
2402.6286182403564,37.02,59.98
2403.665685892105,37.0,59.89
2404.7203030586243,37.01,59.83
2405.7874495983124,37.02,59.79
2406.831316947937,37.02,59.79
2407.882212162018,37.02,59.74
2408.9485445022583,37.02,59.66
2409.993622303009,37.01,59.71
2411.0502376556396,37.02,59.88
2412.117584705353,37.01,60.0
2413.157872200012,37.01,60.1
2414.2168023586273,37.01,60.12
2415.2791941165924,37.01,60.1
2416.344582796097,37.01,60.05
2417.3779911994934,37.01,59.93
2418.4443795681,37.02,59.8
2419.485782146454,37.02,59.76
2420.544175386429,37.01,59.79
2421.6105647087097,37.01,59.79
2422.6489701271057,37.0,59.75
2423.7093617916107,37.01,59.71
2424.7737517356873,37.01,59.7
2425.8181529045105,37.01,59.74
2426.872547864914,37.02,59.83
2427.9379374980927,37.02,59.89
2428.976342201233,37.01,59.93
2430.0367379188538,37.02,59.9
2431.104122877121,37.02,59.8
2432.14252781868,37.03,59.64
2433.2009205818176,37.02,59.5
2434.268309354782,37.03,59.43
2435.306713581085,37.02,59.43
2436.386095762253,37.03,59.48
2437.4324951171875,37.03,59.46
2438.47189950943,37.03,59.48
2439.5312926769257,37.03,59.64
2440.595682621002,37.03,59.84
2441.6340866088867,37.03,60.01
2442.6884820461273,37.04,60.21
2443.757418870926,37.04,60.27
2444.807089328766,37.04,60.2
2445.8637895584106,37.03,60.12
2446.9320344924927,37.03,59.97
2447.970847606659,37.02,59.81
2449.0308678150177,37.01,59.72
2450.0914611816406,37.02,59.67
2451.135086297989,37.02,59.65
2452.189756155014,37.02,59.62
2453.2564404010773,37.02,59.68
2454.2982523441315,37.02,59.79
2455.3515980243683,37.02,59.93
2456.4427375793457,37.02,60.04
2457.455992460251,37.02,60.07
2458.5210812091827,37.02,60.01
2459.5904681682587,37.02,59.93
2460.6278743743896,37.02,59.85
2461.686270713806,37.02,59.74
2462.747658252716,37.02,59.68
2463.7850637435913,37.01,59.65
2464.8434569835663,37.02,59.61
2465.907846927643,37.0,59.54
2466.9472513198853,37.0,59.59
2468.0076434612274,37.0,59.72
2469.071034669876,37.0,59.85
2470.1174347400665,37.0,59.93
2471.169830799103,37.0,59.96
2472.2422161102295,37.0,59.93
2473.2782287597656,37.01,59.85
2474.3361523151398,37.0,59.77
2475.39874625206,37.0,59.72
2476.469146490097,37.0,59.69
2477.49583363533,37.0,59.64
2478.5633618831635,36.99,59.59
2479.5989198684692,37.0,59.53
2480.6594727039337,37.0,59.55
2481.7229278087616,37.0,59.62
2482.7674856185913,37.0,59.71
2483.8260612487793,37.0,59.81
2484.8896837234497,37.0,59.82
2485.93430685997,37.0,59.79
2486.9848005771637,37.0,59.73
2488.05228638649,37.0,59.62
2489.094872713089,37.01,59.57
2490.1550357341766,37.01,59.58
2491.2218227386475,37.02,59.61
2492.2635765075684,37.02,59.6
2493.316160440445,37.02,59.64
2494.3830173015594,37.03,59.79
2495.421529531479,37.03,59.98
2496.5061490535736,37.03,60.14
2497.5526247024536,37.03,60.14
2498.5899930000305,37.03,60.09
2499.6497478485107,37.03,60.0
2500.7137517929077,37.03,59.85
2501.755595445633,37.03,59.73
2502.8118426799774,37.03,59.7
2503.8854370117188,37.04,59.76
2504.920350074768,37.04,59.82
2505.9720606803894,37.04,59.88
2507.0416629314423,37.04,59.96
2508.0805339813232,37.03,59.96
2509.143050432205,37.03,59.93
2510.207529067993,37.04,59.85
2511.248016357422,37.03,59.75
2512.300510406494,37.04,59.72
2513.36704993248,37.04,59.73
2514.4085714817047,37.05,59.71
2515.462181329727,37.05,59.66
2516.5595729351044,37.04,59.7
2517.5717487335205,37.04,59.83
2518.6332862377167,37.04,59.99
2519.6950438022614,37.04,60.12
2520.7405848503113,37.04,60.14
2521.798327922821,37.04,60.13
2522.8628091812134,37.06,60.03
2523.9014823436737,37.05,59.9
2524.9597845077515,37.05,59.7
2526.0294649600983,37.05,59.58
2527.072192430496,37.05,59.62
2528.1247539520264,37.06,59.65
2529.194424390793,37.05,59.64
2530.2319526672363,37.05,59.69
2531.292596101761,37.05,59.82
2532.357370853424,37.05,60.02
2533.4006340503693,37.05,60.17
2534.453723669052,37.06,60.2
2535.519835472107,37.06,60.16
2536.5848441123962,37.06,60.05
2537.619749069214,37.06,59.88
2538.686333179474,37.06,59.74
2539.728452205658,37.06,59.65
2540.7849173545837,37.06,59.63
2541.8527657985687,37.07,59.67
2542.8931980133057,37.07,59.67
2543.951400279999,37.06,59.7
2545.0168046951294,37.07,59.84
2546.056613445282,37.07,59.99
2547.116135597229,37.07,60.11
2548.179755926132,37.07,60.13
2549.227124452591,37.07,60.06
2550.2805202007294,37.07,59.96
2551.3449103832245,37.07,59.83
2552.3913111686707,37.07,59.69
2553.4427082538605,37.07,59.62
2554.51509308815,37.08,59.62
2555.553498506546,37.08,59.63
2556.6358773708344,37.08,59.58
2557.671285390854,37.07,59.58
2558.720683336258,37.08,59.75
2559.7690813541412,37.08,59.97
2560.837470293045,37.08,60.16
2561.8778727054596,37.08,60.26
2562.9432623386383,37.07,60.29
2564.006652355194,37.09,60.22
2565.052053451538,37.09,60.07
2566.1154441833496,37.08,59.92
2567.1868300437927,37.08,59.75
2568.217239379883,37.08,59.64
2569.274632692337,37.08,59.6
2570.3440198898315,37.08,59.61
2571.386422395706,37.09,59.63
2572.442816734314,37.08,59.66
2573.5092062950134,37.08,59.87
2574.5456120967865,37.07,60.03
2575.6040048599243,37.06,60.11
2576.6933810710907,37.07,60.16
2577.715794324875,37.07,60.17
2578.7728204727173,37.07,60.13
2579.8394265174866,37.06,60.08
2580.881861925125,37.06,60.0
2581.9401524066925,37.06,59.93
2582.998986721039,37.06,59.88
2584.044132232666,37.05,59.86
2585.096393585205,37.04,59.78
2586.1604347229004,37.05,59.67
2587.202738761902,37.05,59.7
2588.256565093994,37.04,59.81
2589.3205614089966,37.05,59.98
2590.367694377899,37.04,60.08
2591.4235219955444,37.04,60.09
2592.4977083206177,37.04,60.05
2593.5342121124268,37.04,59.95
2594.5926060676575,37.04,59.86
2595.657994747162,37.03,59.83
2596.725383758545,37.03,59.86
2597.7547931671143,37.03,59.88
2598.823180437088,37.02,59.85
2599.8605859279633,37.02,59.84
2600.9149820804596,37.01,59.83
2601.9833693504333,37.02,59.79
2603.023772716522,37.01,59.81
2604.074170589447,37.0,59.87
2605.148554801941,37.01,59.9
2606.1869597434998,37.0,59.88
2607.245353460312,37.01,59.8
2608.3077437877655,37.0,59.71
2609.3491468429565,37.0,59.61
2610.4035425186157,37.01,59.57
2611.471930503845,37.01,59.61
2612.5133333206177,37.01,59.61
2613.563730955124,37.0,59.57
2614.6331181526184,37.0,59.63
2615.6745212078094,37.0,59.77
2616.7484126091003,37.0,59.9
2617.7938134670258,36.99,59.99
2618.840214252472,36.99,60.0
2619.8976078033447,36.99,59.97
2620.9629967212677,36.99,59.93
2622.00040268898,36.98,59.86
2623.0567967891693,36.99,59.81
2624.126454114914,36.99,59.76
2625.16477894783,36.99,59.75
2626.222046852112,36.99,59.73
2627.2849848270416,36.99,59.64
2628.327626466751,36.99,59.67
2629.383861541748,36.98,59.78
2630.4520444869995,36.99,59.94
2631.496171236038,36.99,60.09
2632.5481543540955,36.98,60.11
2633.615952014923,36.98,60.08
2634.661130666733,36.98,60.03
2635.711983203888,36.97,59.96
2636.8060295581818,36.98,59.86
2637.822602033615,36.98,59.79
2638.875633239746,36.99,59.77
2639.943373441696,36.98,59.7
2640.978796482086,36.98,59.61
2642.0429277420044,36.99,59.61
2643.108407020569,36.99,59.75
2644.1470487117767,36.99,59.88
2645.2034952640533,36.99,60.03
2646.2710943222046,36.99,60.16
2647.320612192154,36.99,60.21
2648.373349428177,36.99,60.15
2649.437983751297,37.0,60.04
2650.4774935245514,37.01,59.85
2651.532033920288,37.01,59.65
2652.6011497974396,37.01,59.56
2653.6437470912933,37.01,59.58
2654.697335243225,37.01,59.64
2655.7639281749725,37.01,59.66
2656.8283557891846,37.02,59.66
2657.8648750782013,37.01,59.64
2658.931446313858,37.01,59.58
2659.974085330963,37.0,59.6
2661.0266604423523,37.0,59.66
2662.0913231372833,37.01,59.78
2663.128816843033,37.01,59.79
2664.193490743637,37.01,59.82
2665.257046699524,37.01,59.79
2666.301771879196,37.01,59.75
2667.357590198517,37.01,59.72
2668.4240868091583,37.01,59.65
2669.4576666355133,37.01,59.63
2670.5161368846893,37.0,59.64
2671.5836129188538,37.0,59.61
2672.6281638145447,37.0,59.61
2673.6766545772552,37.0,59.67
2674.7494761943817,37.0,59.82
2675.7806766033173,37.01,60.02
2676.8656454086304,37.0,60.14
2677.9075796604156,37.0,60.15
2678.9518201351166,37.01,60.12
2680.0077142715454,37.0,60.02
2681.0790588855743,37.0,59.93
2682.1170012950897,37.01,59.8
2683.168283700943,37.0,59.72
2684.2382221221924,37.0,59.69
2685.2806248664856,37.01,59.66
2686.3330223560333,37.01,59.59
2687.4004096984863,37.01,59.62
2688.436815738678,37.01,59.75
2689.498207092285,37.01,59.92
2690.5655953884125,37.02,60.02
2691.6079993247986,37.01,60.01
2692.6683900356293,37.02,59.93
2693.729781627655,37.02,59.78
2694.7711849212646,37.02,59.64
2695.8305773735046,37.02,59.62
2696.919953584671,37.01,59.68
2697.94136762619,37.02,59.74
2698.99276471138,37.02,59.74
2700.072146177292,37.02,59.75
2701.1085522174835,37.01,59.76
2702.1609494686127,37.01,59.85
2703.22433924675,37.01,59.98
2704.2697401046753,37.01,60.06
2705.3161408901215,37.0,60.11
2706.3905243873596,37.0,60.1
2707.4259312152863,37.0,60.06
2708.48632311821,37.0,60.02
2709.554710626602,36.99,59.94
2710.596114873886,37.0,59.8
2711.648510456085,36.99,59.74
2712.7208960056305,37.0,59.75
2713.758527994156,36.99,59.71
2714.816786289215,37.0,59.63
2715.87868309021,37.01,59.65
2716.9452562332153,37.01,59.8
2717.974214076996,37.01,59.93
2719.04705286026,37.01,60.04
2720.0842559337616,37.01,60.05
2721.1424908638,37.01,59.99
2722.2116339206696,37.0,59.93
2723.251055955887,37.01,59.8
2724.304482936859,37.02,59.63
2725.374722480774,37.03,59.49
2726.4148087501526,37.03,59.47
2727.4721097946167,37.03,59.52
2728.535028219223,37.03,59.51
2729.5794303417206,37.03,59.59
2730.6318275928497,37.04,59.76
2731.7042124271393,37.03,59.91
2732.7456147670746,37.04,60.07
2733.7990119457245,37.03,60.11
2734.8703968524933,37.05,60.05
2735.912799358368,37.05,59.92
2736.9901819229126,37.05,59.76
2738.033583879471,37.05,59.67
2739.0749866962433,37.06,59.6
2740.135379076004,37.05,59.61
2741.201767683029,37.05,59.66
2742.244170188904,37.06,59.63
2743.298565864563,37.05,59.68
2744.3649554252625,37.06,59.85
2745.4033591747284,37.07,60.05
2746.4667496681213,37.07,60.19
2747.5311398506165,37.06,60.2
2748.5705440044403,37.07,60.14
2749.6329350471497,37.07,60.01
2750.6973247528076,37.07,59.85
2751.739727497101,37.07,59.67
2752.7941229343414,37.07,59.54
2753.863510131836,37.08,59.55
2754.909909963608,37.08,59.6
2755.9613075256348,37.07,59.6
2757.05468082428,37.08,59.64
2758.0661010742188,37.07,59.77
2759.1231093406677,37.07,59.94
2760.1945674419403,37.07,60.1
2761.237236022949,37.08,60.17
2762.29244017601,37.08,60.09
2763.365394115448,37.09,59.92
2764.404182910919,37.08,59.77
2765.4591319561005,37.08,59.66
2766.52677154541,37.07,59.49
2767.5740370750427,37.08,59.44
2768.624410867691,37.07,59.44
2769.6955664157867,37.07,59.49
2770.7311816215515,37.07,59.58
2771.7906517982483,37.07,59.77
2772.8528456687927,37.07,59.99
2773.89808344841,37.07,60.13
2774.9524796009064,37.08,60.14
2776.022866487503,37.08,60.08
2777.091253042221,37.07,59.97
2778.1226620674133,37.07,59.83
2779.1890506744385,37.07,59.69
2780.2344512939453,37.07,59.58
2781.2878489494324,37.07,59.58
2782.3552362918854,37.07,59.63
2783.3926413059235,37.07,59.59
2784.453033208847,37.07,59.63
2785.5194220542908,37.06,59.8
2786.5558280944824,37.06,59.96
2787.612223148346,37.05,60.06
2788.6776123046875,37.04,60.12
2789.723013162613,37.05,60.11
2790.7874023914337,37.04,60.08
2791.8477947711945,37.04,59.99
2792.8901970386505,37.04,59.91
2793.9435937404633,37.02,59.84
2795.0139796733856,37.03,59.81
2796.04838681221,37.03,59.76
2797.1307666301727,37.03,59.68
2798.1716771125793,37.03,59.72
2799.2160782814026,37.02,59.82
2800.266475915909,37.03,59.91
2801.3338651657104,37.02,60.05
2802.373267889023,37.02,60.13
2803.430662870407,37.04,60.08
2804.500052213669,37.03,59.95
2805.5427689552307,37.03,59.85
2806.6026265621185,37.04,59.69
2807.6727106571198,37.03,59.59
2808.7050342559814,37.03,59.62
2809.7645275592804,37.03,59.63
2810.8339972496033,37.03,59.6
2811.8762578964233,37.03,59.6
2812.924781560898,37.02,59.74
2813.9969696998596,37.02,59.89
2815.0366406440735,37.02,60.07
2816.091372489929,37.02,60.11
2817.1879439353943,37.03,60.06
2818.2035875320435,37.02,59.97
2819.2579271793365,37.01,59.88
2820.323504447937,37.02,59.79
2821.3641364574432,37.01,59.73
2822.420761346817,37.0,59.72
2823.49272608757,37.0,59.68
2824.535089969635,36.99,59.61
2825.5829741954803,36.99,59.65
2826.6508090496063,36.99,59.79
2827.68945813179,36.99,59.9
2828.7492003440857,36.98,59.97
2829.8135616779327,36.98,59.99
2830.8563039302826,36.98,59.94
2831.9079225063324,36.98,59.88
2832.979525089264,36.98,59.81
2834.015206336975,36.98,59.75
2835.0715997219086,36.98,59.75
2836.1409873962402,36.97,59.76
2837.2063767910004,36.97,59.7
2838.2317883968353,36.97,59.71
2839.3011753559113,36.97,59.84
2840.340579509735,36.97,60.03
2841.39897274971,36.97,60.13
2842.4593648910522,36.97,60.14
2843.505765914917,36.96,60.1
2844.5631589889526,36.97,60.01
2845.6255509853363,36.97,59.89
2846.6669533252716,36.98,59.85
2847.729344367981,36.98,59.85
2848.7899947166443,36.98,59.81
2849.833396434784,36.98,59.71
2850.8893744945526,36.97,59.74
2851.952538728714,36.97,59.81
2852.993551492691,36.97,59.96
2854.05601978302,36.97,60.09
2855.1194167137146,36.97,60.13
2856.163122653961,36.98,60.11
2857.237868785858,36.98,60.02
2858.2859382629395,36.97,59.93
2859.327961206436,36.97,59.81
2860.384288549423,36.97,59.74
2861.4473311901093,36.97,59.72
2862.4882376194,36.97,59.66
2863.5427193641663,36.98,59.56
2864.612106323242,36.97,59.57
2865.651510477066,36.98,59.68
2866.712902069092,36.98,59.78
2867.7752935886383,36.98,59.87
2868.8196952342987,36.98,59.96
2869.8720915317535,36.98,59.98
2870.9414784908295,36.97,59.93
2871.9808831214905,36.97,59.82
2873.041274547577,36.99,59.68
2874.1016669273376,36.98,59.53
2875.1490666866302,36.98,59.47
2876.2034633159637,36.99,59.47
2877.2928383350372,36.98,59.43
2878.3112540245056,36.99,59.32
2879.3676483631134,36.99,59.34
2880.4350366592407,37.0,59.51
2881.477438926697,37.0,59.68
2882.5328340530396,37.01,59.86
2883.6022210121155,37.01,60.0
2884.641625404358,37.01,60.0
2885.7030169963837,37.01,59.92
2886.76540851593,37.01,59.77
2887.8088099956512,37.02,59.56
2888.8642048835754,37.02,59.38
2889.934591293335,37.02,59.37
2890.971997022629,37.03,59.43
2892.0273916721344,37.03,59.47
2893.0917818546295,37.03,59.52
2894.1449320316315,37.04,59.69
2895.1929099559784,37.03,59.87
2896.2624650001526,37.03,60.0
2897.328045129776,37.04,60.0
2898.358922481537,37.04,59.95
2899.4309692382812,37.03,59.84
2900.4700536727905,37.03,59.71
2901.521360874176,37.03,59.61
2902.596530675888,37.03,59.56
2903.6277294158936,37.04,59.57
2904.692765712738,37.04,59.54
2905.7556672096252,37.04,59.59
2906.8007831573486,37.05,59.73
2907.8491673469543,37.04,59.91
2908.92302775383,37.04,60.03
2909.9644317626953,37.06,60.05
2911.024823665619,37.05,59.93
2912.0882132053375,37.05,59.76
2913.1316151618958,37.05,59.56
2914.182013273239,37.05,59.44
2915.254399061203,37.05,59.45
2916.2979373931885,37.05,59.48
2917.3764865398407,37.04,59.5
2918.4191262722015,37.04,59.52
2919.4596240520477,37.05,59.65
2920.509331703186,37.04,59.84
2921.5777435302734,37.04,59.96
2922.6242291927338,37.04,60.1
2923.682776927948,37.04,60.12
2924.7503645420074,37.04,60.08
2925.7912092208862,37.04,60.03
2926.848750591278,37.04,59.93
2927.916053056717,37.04,59.77
2928.9575757980347,37.03,59.67
2930.00719332695,37.04,59.63
2931.075733423233,37.03,59.58
2932.119386434555,37.03,59.5
2933.178272485733,37.03,59.5
2934.243447303772,37.03,59.65
2935.2820103168488,37.03,59.78
2936.337639093399,37.03,59.97
2937.4303138256073,37.03,60.08
2938.450911998749,37.03,60.09
2939.507439851761,37.03,60.07
2940.5729422569275,37.04,59.94
2941.6151926517487,37.03,59.76
2942.6744623184204,37.03,59.61
2943.740373134613,37.04,59.52
2944.784162759781,37.03,59.49
2945.835152387619,37.04,59.45
2946.9078254699707,37.03,59.37
2947.9420981407166,37.03,59.36
2948.998641014099,37.04,59.47
2950.066085577011,37.05,59.66
2951.1081640720367,37.03,59.82
2952.164183616638,37.04,59.9
2953.2330465316772,37.04,59.89
2954.2733068466187,37.05,59.81
2955.33154129982,37.05,59.64
2956.395040035248,37.05,59.45
2957.4661474227905,37.04,59.39
2958.491807460785,37.02,59.43
2959.5680825710297,37.02,59.45
2960.6078085899353,37.01,59.44
2961.6612441539764,37.01,59.46
2962.7316198349,37.01,59.53
2963.7686660289764,37.01,59.64
2964.819750070572,37.01,59.74
2965.8914844989777,37.01,59.81
2966.9260578155518,37.01,59.81
2967.983960390091,37.0,59.75
2969.0534620285034,37.0,59.63
2970.0922391414642,37.01,59.49
2971.149079799652,37.0,59.43
2972.217837572098,37.0,59.44
2973.2569885253906,36.98,59.43
2974.3126447200775,37.0,59.36
2975.378033876419,36.99,59.39
2976.4184386730194,37.0,59.52
2977.499818086624,37.0,59.65
2978.545218706131,36.99,59.74
2979.587620973587,36.99,59.81
2980.640017747879,37.0,59.8
2981.706406354904,37.0,59.71
2982.747809648514,37.01,59.55
2983.8010852336884,37.0,59.4
2984.87153172493,37.01,59.32
2985.9101865291595,37.01,59.33
2986.9672346115112,37.0,59.31
2988.039574623108,37.0,59.28
2989.078955888748,36.99,59.31
2990.1327788829803,36.99,59.44
2991.2038502693176,36.99,59.53
2992.2391741275787,36.98,59.69
2993.295665740967,36.98,59.8
2994.359491586685,36.99,59.83
2995.4075014591217,36.99,59.78
2996.45982503891,36.99,59.66
2997.5529205799103,36.99,59.53
2998.570839881897,36.98,59.45
2999.625235557556,36.99,59.44
3000.6926300525665,37.0,59.42
3001.7350268363953,36.98,59.34
3002.786423444748,36.98,59.36
3003.855810403824,36.97,59.42
3004.8962149620056,36.98,59.49
3005.954608440399,36.97,59.59
3007.018997192383,36.97,59.67
3008.0604014396667,36.96,59.75
3009.111798763275,36.97,59.76
3010.1841831207275,36.97,59.7
3011.2205889225006,36.98,59.59
3012.2789821624756,36.96,59.49
3013.34437251091,36.97,59.39
3014.3837764263153,36.97,59.36
3015.4401710033417,36.98,59.27
3016.5125555992126,36.98,59.15
3017.5709488391876,36.98,59.15
3018.6113526821136,36.97,59.24
3019.6747438907623,36.97,59.36
3020.716147184372,36.98,59.52
3021.7695422172546,36.99,59.63
3022.836930513382,36.98,59.72
3023.87833404541,36.98,59.72
3024.9407250881195,36.99,59.64
3026.006113767624,36.99,59.52
3027.0485167503357,36.99,59.35
3028.0989141464233,36.99,59.24
3029.1722135543823,36.99,59.24
3030.2089154720306,37.0,59.24
3031.2719485759735,36.99,59.2
3032.335524082184,36.99,59.21
3033.3758873939514,36.99,59.32
3034.433786869049,37.0,59.49
3035.4981467723846,37.0,59.64
3036.5389943122864,36.99,59.75
3037.617932319641,36.99,59.75
3038.6638395786285,36.99,59.65
3039.7031643390656,36.99,59.54
3040.7594697475433,37.0,59.38
3041.834713935852,36.99,59.29
3042.868842601776,36.99,59.27
3043.927494287491,37.0,59.25
3044.996880531311,37.0,59.17
3046.0382833480835,36.99,59.2
3047.091679573059,37.0,59.31
3048.163065433502,37.0,59.45
3049.1994717121124,36.99,59.56
3050.254866361618,36.99,59.64
3051.3212552070618,36.99,59.65
3052.3646569252014,36.99,59.61
3053.419557094574,37.0,59.5
3054.4859461784363,37.0,59.39
3055.529349088669,37.0,59.29
3056.5867421627045,37.0,59.26
3057.671121120453,37.0,59.23
3058.696532726288,37.0,59.12
3059.745931148529,37.0,59.1
3060.815318107605,37.01,59.22
3061.855721473694,37.01,59.38
3062.911117553711,37.01,59.5
3063.9825031757355,37.02,59.59
3065.0239062309265,37.02,59.58
3066.081305027008,37.01,59.51
3067.1456894874573,37.0,59.42
3068.1890914440155,37.01,59.29
3069.2454855442047,37.01,59.19
3070.3098757267,37.01,59.15
3071.3562757968903,37.01,59.1
3072.4076731204987,37.0,59.03
3073.476060628891,37.0,59.01
3074.5280392169952,37.0,59.05
3075.570667743683,37.01,59.2
3076.6445388793945,37.0,59.34
3077.7283980846405,37.01,59.47
3078.7525193691254,37.01,59.57
3079.820927619934,37.0,59.55
3080.8534202575684,37.0,59.5
3081.919673204422,37.01,59.41
3082.9848625659943,36.99,59.27
3084.0069918632507,37.0,59.17
3085.069566011429,37.0,59.16
